"GHO","DATASOURCE","PUBLISHSTATE","YEAR","REGION","COUNTRY","EDUCATIONLEVEL","RESIDENCEAREATYPE","WEALTHQUINTILE","Display Value","Numeric","Low","High","Comments"
"EQ_ITN","EQ_DHS","PUBLISHED","2006","AFR","BEN","EDLVL06TO11YR","","","36.0","36.03946","","",""
"EQ_ITN","EQ_DHS","PUBLISHED","2006","AFR","BEN","","","WQ1","14.1","14.11372","","",""
"EQ_ITN","EQ_MICS","PUBLISHED","2006","AFR","CAF","","","WQ4","32.9","32.93826","","",""
"EQ_ITN","EQ_MICS","PUBLISHED","2010","AFR","CAF","EDLVL12PLUSYR","","","57.3","57.27519","","",""
"EQ_ITN","EQ_MICS","PUBLISHED","2010","AFR","CAF","","","WQ2","55.1","55.14663","","",""
"EQ_ITN","EQ_MICS","PUBLISHED","2010","AFR","TCD","EDLVL00TO05YR","","","56.4","56.38584","","",""
"EQ_ITN","EQ_MICS","PUBLISHED","2010","AFR","TCD","EDLVL12PLUSYR","","","79.4","79.42623","","",""
"EQ_ITN","EQ_MICS","PUBLISHED","2010","AFR","TCD","","","WQ5","72.9","72.86592","","",""
"EQ_ITN","EQ_DHS","PUBLISHED","2012","AFR","COM","","URB","","56.5","56.52673","","",""
"EQ_ITN","EQ_DHS","PUBLISHED","2012","AFR","COM","","","WQ3","57.4","57.44935","","",""
"EQ_ITN","EQ_DHS","PUBLISHED","2012","AFR","COM","","","WQ5","58.0","58.00967","","",""
"EQ_ITN","EQ_MICS","PUBLISHED","2006","AFR","CAF","","","WQ2","16.6","16.62769","","",""
"EQ_ITN","EQ_MICS","PUBLISHED","2006","AFR","CAF","","RUR","","11.4","11.43138","","",""
"EQ_ITN","EQ_MICS","PUBLISHED","2006","AFR","CAF","","","","16.8","16.80617","","",""
"EQ_ITN","EQ_DHS","PUBLISHED","2011","AFR","CMR","","","WQ4","35.6","35.56207","","",""
"EQ_ITN","EQ_DHS","PUBLISHED","2011","AFR","CMR","EDLVL06TO11YR","","","36.0","35.97068","","",""
"EQ_ITN","EQ_DHS","PUBLISHED","2011","AFR","CMR","","RUR","","37.5","37.50415","","",""
"EQ_ITN","EQ_DHS","PUBLISHED","2007","AFR","COD","","","WQ4","15.4","15.35041","","",""
"EQ_ITN","EQ_MICS","PUBLISHED","2010","AFR","COD","","","","51.0","50.97980","","",""
"EQ_ITN","EQ_MICS","PUBLISHED","2010","AFR","COD","EDLVL12PLUSYR","","","71.3","71.32052","","",""
"EQ_ITN","EQ_MICS","PUBLISHED","2010","AFR","COD","","","WQ2","45.9","45.91350","","",""
"EQ_ITN","EQ_DHS","PUBLISHED","2013","AFR","COD","EDLVL00TO05YR","","","68.4","68.43947","","",""
"EQ_ITN","EQ_DHS","PUBLISHED","2013","AFR","COD","EDLVL12PLUSYR","","","74.0","74.04270","","",""
"EQ_ITN","EQ_DHS","PUBLISHED","2005","WPR","KHM","","","WQ1","6.3","6.25038","","",""
"EQ_ITN","EQ_DHS","PUBLISHED","2005","WPR","KHM","EDLVL06TO11YR","","","2.0","2.02263","","",""
"EQ_ITN","EQ_DHS","PUBLISHED","2010","AFR","BDI","","","WQ5","80.4","80.35269","","",""
"EQ_ITN","EQ_DHS","PUBLISHED","2010","AFR","BDI","","","WQ3","67.2","67.21265","","",""
"EQ_ITN","EQ_DHS","PUBLISHED","2010","AFR","BDI","","","WQ1","57.4","57.40028","","",""
"EQ_ITN","EQ_DHS","PUBLISHED","2010","AFR","BDI","","URB","","67.7","67.73634","","",""
"EQ_ITN","EQ_DHS","PUBLISHED","2010","AFR","BFA","","","WQ5","72.9","72.86121","","",""
"EQ_ITN","EQ_DHS","PUBLISHED","2010","AFR","BFA","EDLVL00TO05YR","","","54.0","53.98785","","",""
"EQ_ITN","EQ_DHS","PUBLISHED","2010","AFR","BFA","","URB","","60.0","59.97159","","",""
"EQ_ITN","EQ_MICS","PUBLISHED","2006","AFR","BFA","","","WQ2","31.3","31.31925","","",""
"EQ_ITN","EQ_MICS","PUBLISHED","2006","AFR","BFA","EDLVL12PLUSYR","","","80.8","80.81618","","",""
"EQ_ITN","EQ_MICS","PUBLISHED","2006","AFR","BFA","EDLVL00TO05YR","","","35.3","35.31153","","",""
"EQ_ITN","EQ_DHS","PUBLISHED","2003","AFR","BFA","","","WQ4","17.5","17.49203","","",""
"EQ_ITN","EQ_DHS","PUBLISHED","2003","AFR","BFA","","","WQ2","6.7","6.69501","","",""
"EQ_ITN","EQ_DHS","PUBLISHED","2003","AFR","BFA","","","","5.6","5.62233","","",""
"EQ_ITN","EQ_DHS","PUBLISHED","2011","AFR","BEN","","","WQ4","80.1","80.11130","","",""
"EQ_ITN","EQ_DHS","PUBLISHED","2011","AFR","BEN","","RUR","","81.0","80.96301","","",""
"EQ_ITN","EQ_DHS","PUBLISHED","2011","AFR","BEN","","","","79.8","79.75253","","",""
"EQ_ITN","EQ_DHS","PUBLISHED","2005","AFR","COG","","","WQ1","3.4","3.37095","","",""
"EQ_ITN","EQ_DHS","PUBLISHED","2008","AFR","GHA","","URB","","34.7","34.73295","","",""
"EQ_ITN","EQ_DHS","PUBLISHED","2008","AFR","GHA","","","WQ1","31.8","31.80234","","",""
"EQ_ITN","EQ_DHS","PUBLISHED","2008","AFR","GHA","","","WQ3","34.7","34.72190","","",""
"EQ_ITN","EQ_DHS","PUBLISHED","2008","AFR","GHA","","","WQ5","40.7","40.65906","","",""
"EQ_ITN","EQ_MICS","PUBLISHED","2011","AFR","GHA","EDLVL06TO11YR","","","38.9","38.88232","","",""
"EQ_ITN","EQ_MICS","PUBLISHED","2011","AFR","GHA","","","WQ1","49.6","49.60009","","",""
"EQ_ITN","EQ_DHS","PUBLISHED","2005","AFR","COG","","","WQ3","7.6","7.56677","","",""
"EQ_ITN","EQ_DHS","PUBLISHED","2011","AFR","COG","","RUR","","43.4","43.38014","","",""
"EQ_ITN","EQ_DHS","PUBLISHED","2011","AFR","COG","EDLVL06TO11YR","","","25.7","25.71212","","",""
"EQ_ITN","EQ_DHS","PUBLISHED","2007","AFR","COD","","","","9.2","9.21338","","",""
"EQ_ITN","EQ_DHS","PUBLISHED","2007","AFR","COD","","RUR","","7.1","7.12492","","",""
"EQ_ITN","EQ_DHS","PUBLISHED","2005","AFR","ETH","EDLVL06TO11YR","","","6.1","6.11453","","",""
"EQ_ITN","EQ_DHS","PUBLISHED","2005","AFR","ETH","","","WQ1","3.1","3.07350","","",""
"EQ_ITN","EQ_DHS","PUBLISHED","2012","AFR","GAB","","","","36.1","36.11804","","",""
"EQ_ITN","EQ_DHS","PUBLISHED","2012","AFR","GAB","","RUR","","42.5","42.49696","","",""
"EQ_ITN","EQ_DHS","PUBLISHED","2012","AFR","GAB","","","WQ4","37.4","37.39195","","",""
"EQ_ITN","EQ_MICS","PUBLISHED","2005","AFR","GMB","","","","47.5","47.47503","","",""
"EQ_ITN","EQ_MICS","PUBLISHED","2006","AFR","GHA","","","WQ5","20.6","20.64777","","",""
"EQ_ITN","EQ_MICS","PUBLISHED","2006","","","","URB","","9.4","9.42830","","",""
"EQ_ITN","EQ_MICS","PUBLISHED","2006","","","EDLVL00TO05YR","","","7.6","7.59144","","",""
"EQ_ITN","EQ_MICS","PUBLISHED","2006","","","","","WQ3","7.5","7.49058","","",""
"EQ_ITN","EQ_MICS","PUBLISHED","2006","","","","","WQ5","12.4","12.42533","","",""
"EQ_ITN","EQ_DHS","PUBLISHED","2011","AFR","CIV","","","WQ1","57.4","57.35654","","",""
"EQ_ITN","EQ_DHS","PUBLISHED","2011","AFR","CIV","","","WQ3","65.2","65.24834","","",""
"EQ_ITN","EQ_DHS","PUBLISHED","2005","AFR","GIN","","RUR","","2.7","2.69827","","",""
"EQ_ITN","EQ_DHS","PUBLISHED","2005","AFR","GIN","EDLVL06TO11YR","","","5.0","4.99306","","",""
"EQ_ITN","EQ_MICS","PUBLISHED","2006","WPR","LAO","","","","54.5","54.45569","","",""
"EQ_ITN","EQ_MICS","PUBLISHED","2006","WPR","LAO","","RUR","","60.0","59.95907","","",""
"EQ_ITN","EQ_MICS","PUBLISHED","2006","WPR","LAO","","","WQ4","38.6","38.61997","","",""
"EQ_ITN","EQ_MICS","PUBLISHED","2011","WPR","LAO","","","","58.5","58.49777","","",""
"EQ_ITN","EQ_MICS","PUBLISHED","2011","WPR","LAO","EDLVL12PLUSYR","","","40.0","39.95345","","",""
"EQ_ITN","EQ_MICS","PUBLISHED","2011","WPR","LAO","","","WQ2","57.0","57.01172","","",""
"EQ_ITN","EQ_DHS","PUBLISHED","2005","AFR","GIN","","","WQ4","8.7","8.66663","","",""
"EQ_ITN","EQ_DHS","PUBLISHED","2012","AFR","GIN","","","","47.4","47.40378","","",""
"EQ_ITN","EQ_DHS","PUBLISHED","2012","AFR","GIN","","RUR","","50.1","50.11296","","",""
"EQ_ITN","EQ_DHS","PUBLISHED","2012","AFR","GIN","","","WQ2","42.0","42.02529","","",""
"EQ_ITN","EQ_DHS","PUBLISHED","2012","AMR","HTI","","URB","","26.4","26.44958","","",""
"EQ_ITN","EQ_DHS","PUBLISHED","2012","AFR","GIN","","","WQ4","39.5","39.46979","","",""
"EQ_ITN","EQ_MICS","PUBLISHED","2006","AFR","MWI","","","WQ1","42.3","42.29357","","",""
"EQ_ITN","EQ_MICS","PUBLISHED","2006","AFR","MWI","","","WQ3","56.7","56.74102","","",""
"EQ_ITN","EQ_DHS","PUBLISHED","2010","AFR","MWI","EDLVL06TO11YR","","","65.3","65.30560","","",""
"EQ_ITN","EQ_DHS","PUBLISHED","2010","AFR","MWI","","","WQ1","43.8","43.75686","","",""
"EQ_ITN","EQ_DHS","PUBLISHED","2006","AFR","MLI","","","","50.1","50.06311","","",""
"EQ_ITN","EQ_DHS","PUBLISHED","2006","AFR","MLI","","RUR","","48.4","48.37593","","",""
"EQ_ITN","EQ_MICS","PUBLISHED","2006","","","EDLVL12PLUSYR","","","27.2","27.18626","","",""
"EQ_ITN","EQ_MICS","PUBLISHED","2006","","","","","WQ2","39.1","39.14989","","",""
"EQ_ITN","EQ_DHS","PUBLISHED","2009","AMR","GUY","","URB","","12.6","12.60203","","",""
"EQ_ITN","EQ_DHS","PUBLISHED","2009","AMR","GUY","EDLVL00TO05YR","","","23.2","23.19355","","",""
"EQ_ITN","EQ_DHS","PUBLISHED","2009","AMR","GUY","EDLVL12PLUSYR","","","10.6","10.60631","","",""
"EQ_ITN","EQ_MICS","PUBLISHED","2005","AFR","GMB","","","WQ2","33.3","33.30072","","",""
"EQ_ITN","EQ_MICS","PUBLISHED","2005","AFR","GMB","","","WQ4","32.5","32.48006","","",""
"EQ_ITN","EQ_DHS","PUBLISHED","2003","AFR","GHA","EDLVL00TO05YR","","","2.6","2.64873","","",""
"EQ_ITN","EQ_DHS","PUBLISHED","2003","AFR","GHA","EDLVL12PLUSYR","","","5.7","5.71087","","",""
"EQ_ITN","EQ_MICS","PUBLISHED","2006","AFR","GHA","","URB","","15.9","15.91402","","",""
"EQ_ITN","EQ_MICS","PUBLISHED","2006","AFR","GHA","EDLVL00TO05YR","","","12.2","12.18617","","",""
"EQ_ITN","EQ_DHS","PUBLISHED","2009","AMR","GUY","","","WQ5","9.3","9.25025","","",""
"EQ_ITN","EQ_DHS","PUBLISHED","2008","AFR","KEN","EDLVL06TO11YR","","","55.6","55.58825","","",""
"EQ_ITN","EQ_DHS","PUBLISHED","2012","AMR","HTI","","","WQ3","25.6","25.60802","","",""
"EQ_ITN","EQ_DHS","PUBLISHED","2012","AMR","HTI","","","WQ5","30.1","30.05221","","",""
"EQ_ITN","EQ_DHS","PUBLISHED","2003","AFR","KEN","","","WQ1","9.1","9.13283","","",""
"EQ_ITN","EQ_DHS","PUBLISHED","2003","AFR","KEN","","","WQ3","12.3","12.32871","","",""
"EQ_ITN","EQ_DHS","PUBLISHED","2008","AFR","KEN","","RUR","","55.0","55.04174","","",""
"EQ_ITN","EQ_DHS","PUBLISHED","2011","AFR","MOZ","","URB","","55.5","55.53954","","",""
"EQ_ITN","EQ_DHS","PUBLISHED","2011","AFR","MOZ","EDLVL00TO05YR","","","50.7","50.65382","","",""
"EQ_ITN","EQ_DHS","PUBLISHED","2011","AFR","MOZ","","","WQ5","53.7","53.68100","","",""
"EQ_ITN","EQ_DHS","PUBLISHED","2006","AFR","NAM","","URB","","10.3","10.32799","","",""
"EQ_ITN","EQ_DHS","PUBLISHED","2006","AFR","NAM","","","WQ1","14.1","14.13934","","",""
"EQ_ITN","EQ_DHS","PUBLISHED","2006","AFR","NAM","","","WQ3","10.7","10.69156","","",""
"EQ_ITN","EQ_DHS","PUBLISHED","2013","AFR","LBR","EDLVL00TO05YR","","","51.2","51.16801","","",""
"EQ_ITN","EQ_DHS","PUBLISHED","2013","AFR","LBR","EDLVL12PLUSYR","","","48.7","48.69328","","",""
"EQ_ITN","EQ_DHS","PUBLISHED","2008","AFR","MDG","","URB","","60.4","60.39948","","",""
"EQ_ITN","EQ_DHS","PUBLISHED","2008","AFR","MDG","EDLVL00TO05YR","","","56.3","56.33652","","",""
"EQ_ITN","EQ_DHS","PUBLISHED","2008","AFR","MDG","","","WQ3","60.5","60.45702","","",""
"EQ_ITN","EQ_DHS","PUBLISHED","2008","AFR","MDG","","","WQ5","60.2","60.21286","","",""
"EQ_ITN","EQ_DHS","PUBLISHED","2013","AFR","NAM","","","WQ1","19.3","19.29259","","",""
"EQ_ITN","EQ_DHS","PUBLISHED","2006","AFR","NER","","RUR","","44.2","44.15777","","",""
"EQ_ITN","EQ_DHS","PUBLISHED","2006","AFR","NER","EDLVL06TO11YR","","","45.9","45.92445","","",""
"EQ_ITN","EQ_DHS","PUBLISHED","2006","AFR","NER","","","WQ4","35.5","35.54713","","",""
"EQ_ITN","EQ_DHS","PUBLISHED","2012","AFR","NER","","","","61.3","61.29861","","",""
"EQ_ITN","EQ_DHS","PUBLISHED","2012","AFR","NER","","","WQ2","70.7","70.69409","","",""
"EQ_ITN","EQ_DHS","PUBLISHED","2006","AFR","MLI","","","WQ4","56.9","56.90407","","",""
"EQ_ITN","EQ_DHS","PUBLISHED","2012","AFR","MLI","","","","84.4","84.38354","","",""
"EQ_ITN","EQ_DHS","PUBLISHED","2012","AFR","MLI","","","WQ2","83.8","83.78037","","",""
"EQ_ITN","EQ_DHS","PUBLISHED","2012","AFR","MLI","","","WQ4","84.9","84.90703","","",""
"EQ_ITN","EQ_MICS","PUBLISHED","2007","AFR","MRT","EDLVL00TO05YR","","","6.1","6.10072","","",""
"EQ_ITN","EQ_MICS","PUBLISHED","2007","AFR","MRT","EDLVL12PLUSYR","","","12.9","12.89862","","",""
"EQ_ITN","EQ_DHS","PUBLISHED","2012","AFR","NER","","","WQ4","73.7","73.66186","","",""
"EQ_ITN","EQ_DHS","PUBLISHED","2003","AFR","NGA","EDLVL12PLUSYR","","","1.6","1.61811","","",""
"EQ_ITN","EQ_DHS","PUBLISHED","2003","AFR","NGA","","","WQ2","1.2","1.17233","","",""
"EQ_ITN","EQ_MICS","PUBLISHED","2007","AFR","NGA","","URB","","5.4","5.43723","","",""
"EQ_ITN","EQ_MICS","PUBLISHED","2007","AFR","NGA","EDLVL00TO05YR","","","2.6","2.62087","","",""
"EQ_ITN","EQ_MICS","PUBLISHED","2007","AFR","NGA","EDLVL12PLUSYR","","","10.8","10.76391","","",""
"EQ_ITN","EQ_DHS","PUBLISHED","2013","AFR","NAM","EDLVL06TO11YR","","","15.2","15.18346","","",""
"EQ_ITN","EQ_MICS","PUBLISHED","2011","AFR","NGA","","","WQ3","27.4","27.38391","","",""
"EQ_ITN","EQ_DHS","PUBLISHED","2012","AFR","SEN","","","WQ1","90.0","90.02436","","",""
"EQ_ITN","EQ_DHS","PUBLISHED","2012","AFR","SEN","","","WQ3","62.6","62.59101","","",""
"EQ_ITN","EQ_MICS","PUBLISHED","2005","AFR","SLE","EDLVL06TO11YR","","","5.1","5.13860","","",""
"EQ_ITN","EQ_MICS","PUBLISHED","2005","AFR","SLE","","","WQ1","4.7","4.66132","","",""
"EQ_ITN","EQ_DHS","PUBLISHED","2008","AFR","SLE","","RUR","","36.7","36.73400","","",""
"EQ_ITN","EQ_DHS","PUBLISHED","2008","AFR","SLE","EDLVL06TO11YR","","","40.2","40.21890","","",""
"EQ_ITN","EQ_DHS","PUBLISHED","2008","AFR","SLE","","","WQ4","32.6","32.63418","","",""
"EQ_ITN","EQ_MICS","PUBLISHED","2010","AFR","SLE","","","","36.1","36.13880","","",""
"EQ_ITN","EQ_MICS","PUBLISHED","2010","AFR","SLE","","","WQ2","41.5","41.53637","","",""
"EQ_ITN","EQ_MICS","PUBLISHED","2010","AFR","SLE","","","WQ4","27.7","27.70078","","",""
"EQ_ITN","EQ_DHS","PUBLISHED","2013","AFR","SLE","EDLVL12PLUSYR","","","58.7","58.69805","","",""
"EQ_ITN","EQ_DHS","PUBLISHED","2013","AFR","SLE","","","WQ2","65.2","65.15121","","",""
"EQ_ITN","EQ_MICS","PUBLISHED","2006","AFR","SOM","","URB","","17.0","17.01430","","",""
"EQ_ITN","EQ_MICS","PUBLISHED","2006","AFR","SOM","EDLVL00TO05YR","","","16.1","16.10585","","",""
"EQ_ITN","EQ_MICS","PUBLISHED","2006","AFR","SOM","","","WQ5","16.8","16.80926","","",""
"EQ_ITN","EQ_MICS","PUBLISHED","2006","AMR","SUR","","URB","","0.0","0.00000","","",""
"EQ_ITN","EQ_DHS","PUBLISHED","2006","AFR","SWZ","","RUR","","5.0","4.99065","","",""
"EQ_ITN","EQ_DHS","PUBLISHED","2006","AFR","SWZ","EDLVL06TO11YR","","","2.3","2.33023","","",""
"EQ_ITN","EQ_DHS","PUBLISHED","2006","AFR","SWZ","","","WQ4","5.7","5.71595","","",""
"EQ_ITN","EQ_MICS","PUBLISHED","2010","AFR","SWZ","","","","9.9","9.91055","","",""
"EQ_ITN","EQ_MICS","PUBLISHED","2010","AFR","SWZ","","","WQ2","4.6","4.60661","","",""
"EQ_ITN","EQ_MICS","PUBLISHED","2010","AFR","SWZ","","","WQ4","7.6","7.64193","","",""
"EQ_ITN","EQ_MICS","PUBLISHED","2006","EUR","TJK","","","WQ4","0.1","0.08973","","",""
"EQ_ITN","EQ_DHS","PUBLISHED","2010","AFR","TZA","","","","63.8","63.76440","","",""
"EQ_ITN","EQ_MICS","PUBLISHED","2007","AFR","NGA","","","WQ5","13.8","13.82043","","",""
"EQ_ITN","EQ_DHS","PUBLISHED","2008","AFR","NGA","","URB","","8.6","8.57802","","",""
"EQ_ITN","EQ_DHS","PUBLISHED","2008","AFR","NGA","","","WQ3","8.2","8.21223","","",""
"EQ_ITN","EQ_DHS","PUBLISHED","2008","AFR","NGA","","","WQ5","12.8","12.76254","","",""
"EQ_ITN","EQ_MICS","PUBLISHED","2011","AFR","NGA","EDLVL06TO11YR","","","27.6","27.61640","","",""
"EQ_ITN","EQ_MICS","PUBLISHED","2011","AFR","NGA","","","WQ1","39.1","39.10694","","",""
"EQ_ITN","EQ_MICS","PUBLISHED","2006","AFR","TGO","","","WQ3","35.5","35.54745","","",""
"EQ_ITN","EQ_MICS","PUBLISHED","2006","AFR","TGO","","","WQ5","40.1","40.10552","","",""
"EQ_ITN","EQ_MICS","PUBLISHED","2010","AFR","TGO","","URB","","50.6","50.55138","","",""
"EQ_ITN","EQ_MICS","PUBLISHED","2010","AFR","TGO","","","WQ1","44.0","43.95138","","",""
"EQ_ITN","EQ_MICS","PUBLISHED","2010","AFR","TGO","","","WQ3","53.0","53.04139","","",""
"EQ_ITN","EQ_DHS","PUBLISHED","2006","AFR","UGA","EDLVL06TO11YR","","","22.9","22.89210","","",""
"EQ_ITN","EQ_DHS","PUBLISHED","2006","AFR","UGA","","","WQ1","21.1","21.06912","","",""
"EQ_ITN","EQ_DHS","PUBLISHED","2013","AFR","NGA","","RUR","","55.2","55.23866","","",""
"EQ_ITN","EQ_DHS","PUBLISHED","2013","AFR","NGA","EDLVL06TO11YR","","","43.8","43.77211","","",""
"EQ_ITN","EQ_DHS","PUBLISHED","2006","EMR","PAK","","","","0.8","0.75493","","",""
"EQ_ITN","EQ_DHS","PUBLISHED","2006","EMR","PAK","","RUR","","0.8","0.80119","","",""
"EQ_ITN","EQ_DHS","PUBLISHED","2005","AFR","RWA","","URB","","31.6","31.62374","","",""
"EQ_ITN","EQ_DHS","PUBLISHED","2005","AFR","RWA","EDLVL00TO05YR","","","17.8","17.80298","","",""
"EQ_ITN","EQ_DHS","PUBLISHED","2008","AFR","STP","EDLVL00TO05YR","","","63.1","63.07192","","",""
"EQ_ITN","EQ_DHS","PUBLISHED","2007","AFR","ZMB","EDLVL00TO05YR","","","37.8","37.82825","","",""
"EQ_ITN","EQ_DHS","PUBLISHED","2007","AFR","ZMB","EDLVL12PLUSYR","","","64.5","64.45226","","",""
"EQ_ITN","EQ_DHS","PUBLISHED","2007","AFR","ZMB","","","WQ2","45.1","45.05631","","",""
"EQ_ITN","EQ_DHS","PUBLISHED","2005","AFR","ZWE","","URB","","11.0","11.02325","","",""
"EQ_ITN","EQ_DHS","PUBLISHED","2005","AFR","ZWE","EDLVL00TO05YR","","","8.7","8.69634","","",""
"EQ_ITN","EQ_DHS","PUBLISHED","2005","AFR","ZWE","","","WQ5","15.2","15.17057","","",""
"EQ_ITN","EQ_MICS","PUBLISHED","2009","AFR","ZWE","","URB","","26.7","26.72360","","",""
"EQ_ITN","EQ_DHS","PUBLISHED","2008","AFR","STP","EDLVL12PLUSYR","","","82.9","82.89761","","",""
"EQ_ITN","EQ_DHS","PUBLISHED","2010","AFR","SEN","","URB","","52.2","52.16164","","",""
"EQ_ITN","EQ_DHS","PUBLISHED","2010","AFR","SEN","EDLVL00TO05YR","","","53.9","53.92034","","",""
"EQ_ITN","EQ_DHS","PUBLISHED","2010","AFR","SEN","","","WQ5","36.8","36.76208","","",""
"EQ_ITN","EQ_DHS","PUBLISHED","2012","AFR","SEN","","URB","","56.0","56.02993","","",""
"EQ_ITN","EQ_DHS","PUBLISHED","2005","AFR","RWA","","","WQ3","29.6","29.61571","","",""
"EQ_ITN","EQ_DHS","PUBLISHED","2005","AFR","RWA","","","WQ5","54.1","54.07480","","",""
"EQ_ITN","EQ_DHS","PUBLISHED","2007","AFR","RWA","","","WQ4","66.0","65.95867","","",""
"EQ_ITN","EQ_DHS","PUBLISHED","2010","AFR","RWA","","","","82.0","81.98660","","",""
"EQ_ITN","EQ_DHS","PUBLISHED","2010","AFR","RWA","","","WQ2","82.6","82.62722","","",""
"EQ_ITN","EQ_DHS","PUBLISHED","2010","AFR","RWA","","","WQ4","85.1","85.05420","","",""
"EQ_ITN","EQ_DHS","PUBLISHED","2010","AFR","TZA","EDLVL12PLUSYR","","","60.3","60.31623","","",""
"EQ_ITN","EQ_DHS","PUBLISHED","2010","AFR","TZA","","","WQ2","60.9","60.94149","","",""
"EQ_ITN","EQ_DHS","PUBLISHED","2009","SEAR","TLS","EDLVL00TO05YR","","","45.8","45.75711","","",""
"EQ_ITN","EQ_DHS","PUBLISHED","2009","SEAR","TLS","EDLVL12PLUSYR","","","54.5","54.45817","","",""
"EQ_ITN","EQ_MICS","PUBLISHED","2006","AFR","TGO","","URB","","37.4","37.42877","","",""
"EQ_ITN","EQ_MICS","PUBLISHED","2006","AFR","TGO","EDLVL00TO05YR","","","32.4","32.36730","","",""
"EQ_ITN","EQ_MICS","PUBLISHED","2009","AFR","ZWE","","","WQ3","27.4","27.44874","","",""
"EQ_ITN","EQ_MICS","PUBLISHED","2009","AFR","ZWE","","","WQ5","30.9","30.93486","","",""
"EQ_ITN","EQ_DHS","PUBLISHED","2010","AFR","ZWE","EDLVL06TO11YR","","","22.7","22.66241","","",""
"EQ_ITN","EQ_DHS","PUBLISHED","2010","AFR","ZWE","","","WQ1","18.8","18.76545","","",""
"EQ_ITN","EQ_DHS","PUBLISHED","2011","AFR","UGA","","","","59.8","59.81378","","",""
"EQ_ITN","EQ_DHS","PUBLISHED","2011","AFR","UGA","","RUR","","60.1","60.06727","","",""
"EQ_ITN","EQ_DHS","PUBLISHED","2011","AFR","UGA","EDLVL06TO11YR","","","58.1","58.06451","","",""
"EQ_ITN","EQ_DHS","PUBLISHED","2011","AFR","UGA","","","WQ4","58.8","58.75583","","",""
"EQ_ITN","EQ_DHS","PUBLISHED","2001","AFR","ZMB","","","","11.9","11.86149","","",""
"EQ_ITN","EQ_DHS","PUBLISHED","2001","AFR","ZMB","","","WQ2","9.0","8.97440","","",""
"EQ_ITN","EQ_DHS","PUBLISHED","2001","AFR","ZMB","","","WQ4","15.6","15.60851","","",""
"EQ_ITN","EQ_DHS","PUBLISHED","2006","AFR","BEN","","","WQ2","22.9","22.89117","","",""
"EQ_ITN","EQ_DHS","PUBLISHED","2006","AFR","BEN","","","WQ3","28.8","28.77109","","",""
"EQ_ITN","EQ_DHS","PUBLISHED","2006","AFR","BEN","","","WQ4","32.7","32.67750","","",""
"EQ_ITN","EQ_DHS","PUBLISHED","2006","AFR","BEN","","","WQ5","42.6","42.63248","","",""
"EQ_ITN","EQ_DHS","PUBLISHED","2003","AFR","BFA","","RUR","","3.2","3.24512","","",""
"EQ_ITN","EQ_DHS","PUBLISHED","2003","AFR","BFA","EDLVL00TO05YR","","","9.9","9.92953","","",""
"EQ_ITN","EQ_DHS","PUBLISHED","2003","AFR","BFA","EDLVL06TO11YR","","","16.3","16.34424","","",""
"EQ_ITN","EQ_DHS","PUBLISHED","2003","AFR","BFA","EDLVL12PLUSYR","","","27.7","27.65469","","",""
"EQ_ITN","EQ_MICS","PUBLISHED","2006","AFR","BFA","","","WQ3","45.7","45.69030","","",""
"EQ_ITN","EQ_MICS","PUBLISHED","2006","AFR","BFA","","","WQ4","62.1","62.08071","","",""
"EQ_ITN","EQ_MICS","PUBLISHED","2006","AFR","BFA","","","WQ5","77.2","77.24310","","",""
"EQ_ITN","EQ_DHS","PUBLISHED","2010","AFR","BFA","","","","56.9","56.93156","","",""
"EQ_ITN","EQ_DHS","PUBLISHED","2010","AFR","BDI","","RUR","","50.4","50.44580","","",""
"EQ_ITN","EQ_DHS","PUBLISHED","2010","AFR","BDI","EDLVL00TO05YR","","","59.8","59.81354","","",""
"EQ_ITN","EQ_DHS","PUBLISHED","2010","AFR","BDI","EDLVL06TO11YR","","","69.3","69.31278","","",""
"EQ_ITN","EQ_DHS","PUBLISHED","2010","AFR","BDI","EDLVL12PLUSYR","","","76.9","76.85392","","",""
"EQ_ITN","EQ_DHS","PUBLISHED","2005","WPR","KHM","","","WQ3","2.6","2.64406","","",""
"EQ_ITN","EQ_DHS","PUBLISHED","2005","WPR","KHM","","","WQ4","0.4","0.40164","","",""
"EQ_ITN","EQ_DHS","PUBLISHED","2005","WPR","KHM","","","WQ5","0.9","0.87892","","",""
"EQ_ITN","EQ_DHS","PUBLISHED","2011","AFR","CMR","","","","36.4","36.44866","","",""
"EQ_ITN","EQ_MICS","PUBLISHED","2006","AFR","CAF","EDLVL00TO05YR","","","22.0","22.01784","","",""
"EQ_ITN","EQ_MICS","PUBLISHED","2006","AFR","CAF","EDLVL06TO11YR","","","30.5","30.46331","","",""
"EQ_ITN","EQ_MICS","PUBLISHED","2006","AFR","CAF","EDLVL12PLUSYR","","","40.9","40.85720","","",""
"EQ_ITN","EQ_MICS","PUBLISHED","2006","AFR","CAF","","","WQ1","12.7","12.69530","","",""
"EQ_ITN","EQ_MICS","PUBLISHED","2010","AFR","CAF","","","WQ3","49.9","49.94201","","",""
"EQ_ITN","EQ_MICS","PUBLISHED","2010","AFR","CAF","","","WQ4","52.4","52.37585","","",""
"EQ_ITN","EQ_MICS","PUBLISHED","2010","AFR","CAF","","","WQ5","57.6","57.59696","","",""
"EQ_ITN","EQ_MICS","PUBLISHED","2010","AFR","TCD","","","","42.1","42.10750","","",""
"EQ_ITN","EQ_MICS","PUBLISHED","2010","AFR","TCD","","URB","","60.9","60.93461","","",""
"EQ_ITN","EQ_DHS","PUBLISHED","2012","AFR","COM","EDLVL00TO05YR","","","55.7","55.72124","","",""
"EQ_ITN","EQ_DHS","PUBLISHED","2012","AFR","COM","EDLVL06TO11YR","","","52.7","52.65384","","",""
"EQ_ITN","EQ_DHS","PUBLISHED","2012","AFR","COM","EDLVL12PLUSYR","","","61.5","61.49294","","",""
"EQ_ITN","EQ_DHS","PUBLISHED","2012","AFR","COM","","","WQ1","56.7","56.67592","","",""
"EQ_ITN","EQ_DHS","PUBLISHED","2005","AFR","COG","","","WQ4","8.0","8.00757","","",""
"EQ_ITN","EQ_DHS","PUBLISHED","2005","AFR","COG","","","WQ5","14.1","14.14096","","",""
"EQ_ITN","EQ_DHS","PUBLISHED","2011","AFR","COG","","","","33.1","33.05716","","",""
"EQ_ITN","EQ_DHS","PUBLISHED","2011","AFR","COG","","URB","","27.0","27.04846","","",""
"EQ_ITN","EQ_DHS","PUBLISHED","2007","AFR","COD","EDLVL06TO11YR","","","10.3","10.31421","","",""
"EQ_ITN","EQ_DHS","PUBLISHED","2007","AFR","COD","EDLVL12PLUSYR","","","19.2","19.16620","","",""
"EQ_ITN","EQ_DHS","PUBLISHED","2007","AFR","COD","","","WQ1","6.4","6.42390","","",""
"EQ_ITN","EQ_DHS","PUBLISHED","2007","AFR","COD","","","WQ2","13.8","13.77386","","",""
"EQ_ITN","EQ_MICS","PUBLISHED","2010","AFR","COD","","","WQ4","64.2","64.20783","","",""
"EQ_ITN","EQ_MICS","PUBLISHED","2010","AFR","COD","","","WQ5","75.5","75.45996","","",""
"EQ_ITN","EQ_DHS","PUBLISHED","2013","AFR","COD","","","","70.0","69.95739","","",""
"EQ_ITN","EQ_DHS","PUBLISHED","2013","AFR","COD","","URB","","70.7","70.69609","","",""
"EQ_ITN","EQ_MICS","PUBLISHED","2006","","","EDLVL06TO11YR","","","10.5","10.50872","","",""
"EQ_ITN","EQ_MICS","PUBLISHED","2006","","","EDLVL12PLUSYR","","","17.1","17.07526","","",""
"EQ_ITN","EQ_MICS","PUBLISHED","2006","","","","","WQ1","7.6","7.61311","","",""
"EQ_ITN","EQ_MICS","PUBLISHED","2006","","","","","WQ2","6.2","6.21581","","",""
"EQ_ITN","EQ_DHS","PUBLISHED","2011","AFR","CIV","","","WQ5","55.8","55.75923","","",""
"EQ_ITN","EQ_DHS","PUBLISHED","2005","AFR","ETH","","","","3.4","3.38638","","",""
"EQ_ITN","EQ_DHS","PUBLISHED","2005","AFR","ETH","","URB","","5.4","5.38145","","",""
"EQ_ITN","EQ_DHS","PUBLISHED","2005","AFR","ETH","","RUR","","3.1","3.05111","","",""
"EQ_ITN","EQ_DHS","PUBLISHED","2012","AFR","GAB","EDLVL06TO11YR","","","37.2","37.18634","","",""
"EQ_ITN","EQ_DHS","PUBLISHED","2012","AFR","GAB","EDLVL12PLUSYR","","","31.3","31.30240","","",""
"EQ_ITN","EQ_DHS","PUBLISHED","2012","AFR","GAB","","","WQ1","44.2","44.23592","","",""
"EQ_ITN","EQ_DHS","PUBLISHED","2012","AFR","GAB","","","WQ2","42.4","42.44771","","",""
"EQ_ITN","EQ_DHS","PUBLISHED","2012","AFR","GAB","","","WQ3","37.5","37.48665","","",""
"EQ_ITN","EQ_MICS","PUBLISHED","2005","AFR","GMB","","","WQ5","16.5","16.54263","","",""
"EQ_ITN","EQ_DHS","PUBLISHED","2003","AFR","GHA","","","","3.9","3.90090","","",""
"EQ_ITN","EQ_DHS","PUBLISHED","2003","AFR","GHA","","URB","","2.8","2.83941","","",""
"EQ_ITN","EQ_DHS","PUBLISHED","2003","AFR","GHA","","RUR","","4.8","4.80139","","",""
"EQ_ITN","EQ_MICS","PUBLISHED","2006","AFR","GHA","EDLVL12PLUSYR","","","31.6","31.56474","","",""
"EQ_ITN","EQ_MICS","PUBLISHED","2006","AFR","GHA","","","WQ1","11.9","11.90966","","",""
"EQ_ITN","EQ_MICS","PUBLISHED","2006","AFR","GHA","","","WQ2","11.9","11.93318","","",""
"EQ_ITN","EQ_MICS","PUBLISHED","2006","AFR","GHA","","","WQ3","15.6","15.55684","","",""
"EQ_ITN","EQ_MICS","PUBLISHED","2011","AFR","GHA","","","","49.1","49.14828","","",""
"EQ_ITN","EQ_MICS","PUBLISHED","2011","AFR","GHA","","URB","","39.3","39.34336","","",""
"EQ_ITN","EQ_MICS","PUBLISHED","2011","AFR","GHA","","RUR","","60.3","60.34802","","",""
"EQ_ITN","EQ_MICS","PUBLISHED","2011","AFR","GHA","EDLVL00TO05YR","","","39.0","39.04839","","",""
"EQ_ITN","EQ_DHS","PUBLISHED","2005","AFR","GIN","EDLVL12PLUSYR","","","6.8","6.83469","","",""
"EQ_ITN","EQ_DHS","PUBLISHED","2005","AFR","GIN","","","WQ1","1.9","1.91019","","",""
"EQ_ITN","EQ_DHS","PUBLISHED","2005","AFR","GIN","","","WQ2","5.6","5.61354","","",""
"EQ_ITN","EQ_DHS","PUBLISHED","2005","AFR","GIN","","","WQ3","4.6","4.57827","","",""
"EQ_ITN","EQ_MICS","PUBLISHED","2006","","","","","","48.0","47.99408","","",""
"EQ_ITN","EQ_MICS","PUBLISHED","2006","","","","URB","","37.4","37.42304","","",""
"EQ_ITN","EQ_MICS","PUBLISHED","2006","","","","RUR","","54.2","54.24268","","",""
"EQ_ITN","EQ_MICS","PUBLISHED","2006","","","EDLVL00TO05YR","","","38.7","38.68879","","",""
"EQ_ITN","EQ_DHS","PUBLISHED","2009","AMR","GUY","","","WQ1","16.0","16.04654","","",""
"EQ_ITN","EQ_DHS","PUBLISHED","2009","AMR","GUY","","","WQ2","15.6","15.64699","","",""
"EQ_ITN","EQ_DHS","PUBLISHED","2009","AMR","GUY","","","WQ3","14.0","14.01770","","",""
"EQ_ITN","EQ_DHS","PUBLISHED","2009","AMR","GUY","","","WQ4","10.2","10.22655","","",""
"EQ_ITN","EQ_DHS","PUBLISHED","2003","AFR","KEN","","","","7.7","7.74876","","",""
"EQ_ITN","EQ_DHS","PUBLISHED","2003","AFR","KEN","","URB","","13.5","13.53504","","",""
"EQ_ITN","EQ_DHS","PUBLISHED","2003","AFR","KEN","","RUR","","5.8","5.82229","","",""
"EQ_ITN","EQ_DHS","PUBLISHED","2003","AFR","KEN","EDLVL00TO05YR","","","8.4","8.43992","","",""
"EQ_ITN","EQ_DHS","PUBLISHED","2003","AFR","KEN","EDLVL06TO11YR","","","11.1","11.05986","","",""
"EQ_ITN","EQ_DHS","PUBLISHED","2008","AFR","KEN","","","WQ1","60.2","60.24294","","",""
"EQ_ITN","EQ_DHS","PUBLISHED","2008","AFR","KEN","","","WQ2","50.2","50.20935","","",""
"EQ_ITN","EQ_DHS","PUBLISHED","2008","AFR","KEN","","","WQ3","56.2","56.15711","","",""
"EQ_ITN","EQ_DHS","PUBLISHED","2008","AFR","KEN","","","WQ4","59.3","59.26765","","",""
"EQ_ITN","EQ_MICS","PUBLISHED","2011","WPR","LAO","","URB","","43.1","43.09589","","",""
"EQ_ITN","EQ_MICS","PUBLISHED","2011","WPR","LAO","","RUR","","64.3","64.33318","","",""
"EQ_ITN","EQ_MICS","PUBLISHED","2011","WPR","LAO","EDLVL00TO05YR","","","47.5","47.50619","","",""
"EQ_ITN","EQ_MICS","PUBLISHED","2011","WPR","LAO","EDLVL06TO11YR","","","40.0","40.03739","","",""
"EQ_ITN","EQ_DHS","PUBLISHED","2013","AFR","LBR","","","WQ2","57.3","57.29517","","",""
"EQ_ITN","EQ_DHS","PUBLISHED","2013","AFR","LBR","","","WQ3","54.8","54.79710","","",""
"EQ_ITN","EQ_DHS","PUBLISHED","2013","AFR","LBR","","","WQ4","47.1","47.06711","","",""
"EQ_ITN","EQ_DHS","PUBLISHED","2013","AFR","LBR","","","WQ5","42.6","42.64852","","",""
"EQ_ITN","EQ_MICS","PUBLISHED","2006","AFR","MWI","","URB","","57.1","57.07889","","",""
"EQ_ITN","EQ_MICS","PUBLISHED","2006","AFR","MWI","","RUR","","37.6","37.55263","","",""
"EQ_ITN","EQ_MICS","PUBLISHED","2006","AFR","MWI","EDLVL00TO05YR","","","47.6","47.59485","","",""
"EQ_ITN","EQ_MICS","PUBLISHED","2006","AFR","MWI","EDLVL06TO11YR","","","64.8","64.75521","","",""
"EQ_ITN","EQ_DHS","PUBLISHED","2010","AFR","MWI","","","WQ2","54.1","54.10898","","",""
"EQ_ITN","EQ_DHS","PUBLISHED","2010","AFR","MWI","","","WQ3","64.7","64.70989","","",""
"EQ_ITN","EQ_DHS","PUBLISHED","2010","AFR","MWI","","","WQ4","78.5","78.48892","","",""
"EQ_ITN","EQ_DHS","PUBLISHED","2010","AFR","MWI","","","WQ5","80.4","80.38281","","",""
"EQ_ITN","EQ_MICS","PUBLISHED","2007","AFR","MRT","","","WQ5","9.9","9.85861","","",""
"EQ_ITN","EQ_DHS","PUBLISHED","2011","AFR","MOZ","","","","51.4","51.44969","","",""
"EQ_ITN","EQ_DHS","PUBLISHED","2006","AFR","NAM","","RUR","","28.7","28.71780","","",""
"EQ_ITN","EQ_DHS","PUBLISHED","2006","AFR","NAM","EDLVL00TO05YR","","","9.1","9.13049","","",""
"EQ_ITN","EQ_DHS","PUBLISHED","2006","AFR","NAM","EDLVL06TO11YR","","","10.9","10.91751","","",""
"EQ_ITN","EQ_DHS","PUBLISHED","2006","AFR","NAM","EDLVL12PLUSYR","","","10.5","10.46616","","",""
"EQ_ITN","EQ_DHS","PUBLISHED","2013","AFR","LBR","","","WQ1","56.1","56.12918","","",""
"EQ_ITN","EQ_DHS","PUBLISHED","2008","AFR","NGA","","","WQ1","6.6","6.63972","","",""
"EQ_ITN","EQ_MICS","PUBLISHED","2011","AFR","NGA","","","WQ5","33.0","32.99936","","",""
"EQ_ITN","EQ_DHS","PUBLISHED","2013","AFR","NGA","","","","49.6","49.58039","","",""
"EQ_ITN","EQ_DHS","PUBLISHED","2013","AFR","NGA","","URB","","42.1","42.12229","","",""
"EQ_ITN","EQ_DHS","PUBLISHED","2006","EMR","PAK","","","WQ1","0.4","0.36301","","",""
"EQ_ITN","EQ_DHS","PUBLISHED","2006","EMR","PAK","","","WQ2","0.5","0.48447","","",""
"EQ_ITN","EQ_DHS","PUBLISHED","2006","EMR","PAK","","","WQ3","0.7","0.72057","","",""
"EQ_ITN","EQ_DHS","PUBLISHED","2006","EMR","PAK","","","WQ4","0.4","0.35945","","",""
"EQ_ITN","EQ_DHS","PUBLISHED","2006","EMR","PAK","","","WQ5","1.3","1.25400","","",""
"EQ_ITN","EQ_DHS","PUBLISHED","2007","AFR","RWA","","URB","","65.4","65.37902","","",""
"EQ_ITN","EQ_DHS","PUBLISHED","2007","AFR","RWA","","RUR","","53.9","53.87566","","",""
"EQ_ITN","EQ_DHS","PUBLISHED","2007","AFR","RWA","","","WQ1","54.0","54.02861","","",""
"EQ_ITN","EQ_DHS","PUBLISHED","2007","AFR","RWA","","","WQ2","66.5","66.51578","","",""
"EQ_ITN","EQ_DHS","PUBLISHED","2010","AFR","RWA","","","WQ5","92.0","92.00021","","",""
"EQ_ITN","EQ_DHS","PUBLISHED","2008","AFR","STP","","","","60.8","60.76180","","",""
"EQ_ITN","EQ_DHS","PUBLISHED","2008","AFR","STP","","URB","","69.2","69.20209","","",""
"EQ_ITN","EQ_DHS","PUBLISHED","2008","AFR","STP","","RUR","","52.4","52.43837","","",""
"EQ_ITN","EQ_DHS","PUBLISHED","2010","AFR","SEN","EDLVL06TO11YR","","","56.3","56.28135","","",""
"EQ_ITN","EQ_DHS","PUBLISHED","2010","AFR","SEN","EDLVL12PLUSYR","","","42.7","42.73114","","",""
"EQ_ITN","EQ_DHS","PUBLISHED","2010","AFR","SEN","","","WQ1","77.1","77.11937","","",""
"EQ_ITN","EQ_DHS","PUBLISHED","2010","AFR","SEN","","","WQ2","68.7","68.73124","","",""
"EQ_ITN","EQ_DHS","PUBLISHED","2010","AFR","SEN","","","WQ3","54.4","54.37348","","",""
"EQ_ITN","EQ_DHS","PUBLISHED","2012","AFR","SEN","","","WQ5","34.6","34.56708","","",""
"EQ_ITN","EQ_MICS","PUBLISHED","2005","AFR","SLE","","","","5.7","5.72635","","",""
"EQ_ITN","EQ_MICS","PUBLISHED","2005","AFR","SLE","","URB","","5.7","5.67899","","",""
"EQ_ITN","EQ_MICS","PUBLISHED","2005","AFR","SLE","","RUR","","5.7","5.74533","","",""
"EQ_ITN","EQ_DHS","PUBLISHED","2008","AFR","SLE","EDLVL12PLUSYR","","","41.9","41.88202","","",""
"EQ_ITN","EQ_DHS","PUBLISHED","2008","AFR","SLE","","","WQ1","34.8","34.80337","","",""
"EQ_ITN","EQ_DHS","PUBLISHED","2008","AFR","SLE","","","WQ2","33.2","33.23700","","",""
"EQ_ITN","EQ_DHS","PUBLISHED","2008","AFR","SLE","","","WQ3","37.5","37.53929","","",""
"EQ_ITN","EQ_DHS","PUBLISHED","2013","AFR","SLE","","","","64.5","64.47943","","",""
"EQ_ITN","EQ_DHS","PUBLISHED","2013","AFR","SLE","","URB","","57.7","57.71537","","",""
"EQ_ITN","EQ_DHS","PUBLISHED","2013","AFR","SLE","","RUR","","67.6","67.60769","","",""
"EQ_ITN","EQ_DHS","PUBLISHED","2008","AFR","NGA","EDLVL12PLUSYR","","","10.8","10.79529","","",""
"EQ_ITN","EQ_DHS","PUBLISHED","2008","AFR","NGA","EDLVL06TO11YR","","","6.7","6.67477","","",""
"EQ_ITN","EQ_DHS","PUBLISHED","2008","AFR","NGA","EDLVL00TO05YR","","","5.8","5.79712","","",""
"EQ_ITN","EQ_MICS","PUBLISHED","2007","AFR","NGA","","","","4.0","4.04684","","",""
"EQ_ITN","EQ_DHS","PUBLISHED","2003","AFR","NGA","","","WQ5","1.0","0.98635","","",""
"EQ_ITN","EQ_DHS","PUBLISHED","2003","AFR","NGA","","","WQ4","1.2","1.21181","","",""
"EQ_ITN","EQ_DHS","PUBLISHED","2003","AFR","NGA","","","WQ3","0.8","0.84846","","",""
"EQ_ITN","EQ_DHS","PUBLISHED","2012","AFR","NER","","","WQ1","64.2","64.23883","","",""
"EQ_ITN","EQ_DHS","PUBLISHED","2012","AFR","NER","EDLVL12PLUSYR","","","76.2","76.16062","","",""
"EQ_ITN","EQ_DHS","PUBLISHED","2012","AFR","NER","EDLVL06TO11YR","","","75.7","75.74771","","",""
"EQ_ITN","EQ_DHS","PUBLISHED","2012","AFR","NER","EDLVL00TO05YR","","","67.3","67.31495","","",""
"EQ_ITN","EQ_DHS","PUBLISHED","2012","AFR","NER","","RUR","","59.6","59.61805","","",""
"EQ_ITN","EQ_DHS","PUBLISHED","2006","AFR","NER","","","","43.0","42.95858","","",""
"EQ_ITN","EQ_DHS","PUBLISHED","2013","AFR","NAM","","","WQ5","12.0","12.03256","","",""
"EQ_ITN","EQ_DHS","PUBLISHED","2013","AFR","NAM","","","WQ4","12.0","11.97389","","",""
"EQ_ITN","EQ_DHS","PUBLISHED","2013","AFR","NAM","","","WQ3","13.2","13.23798","","",""
"EQ_ITN","EQ_MICS","PUBLISHED","2007","AFR","MRT","","","WQ4","5.5","5.45632","","",""
"EQ_ITN","EQ_MICS","PUBLISHED","2007","AFR","MRT","","","WQ3","7.2","7.19465","","",""
"EQ_ITN","EQ_MICS","PUBLISHED","2007","AFR","MRT","","","WQ2","6.6","6.57903","","",""
"EQ_ITN","EQ_DHS","PUBLISHED","2012","AFR","MLI","EDLVL12PLUSYR","","","82.3","82.31120","","",""
"EQ_ITN","EQ_DHS","PUBLISHED","2012","AFR","MLI","EDLVL06TO11YR","","","85.6","85.61422","","",""
"EQ_ITN","EQ_DHS","PUBLISHED","2012","AFR","MLI","EDLVL00TO05YR","","","80.5","80.46161","","",""
"EQ_ITN","EQ_DHS","PUBLISHED","2012","AFR","MLI","","RUR","","85.1","85.07048","","",""
"EQ_ITN","EQ_MICS","PUBLISHED","2011","AFR","NGA","","","WQ4","28.2","28.15810","","",""
"EQ_ITN","EQ_DHS","PUBLISHED","2013","AFR","SLE","EDLVL00TO05YR","","","56.5","56.54889","","",""
"EQ_ITN","EQ_MICS","PUBLISHED","2006","AFR","SOM","EDLVL12PLUSYR","","","20.2","20.16038","","",""
"EQ_ITN","EQ_MICS","PUBLISHED","2006","AFR","SOM","","","WQ1","16.4","16.37376","","",""
"EQ_ITN","EQ_MICS","PUBLISHED","2006","AFR","SOM","","","WQ2","19.6","19.57100","","",""
"EQ_ITN","EQ_MICS","PUBLISHED","2006","AFR","SOM","","","WQ3","13.8","13.79346","","",""
"EQ_ITN","EQ_DHS","PUBLISHED","2006","AFR","SWZ","EDLVL12PLUSYR","","","3.1","3.13773","","",""
"EQ_ITN","EQ_DHS","PUBLISHED","2006","AFR","SWZ","","","WQ1","0.9","0.94164","","",""
"EQ_ITN","EQ_DHS","PUBLISHED","2006","AFR","SWZ","","","WQ2","3.3","3.27757","","",""
"EQ_ITN","EQ_DHS","PUBLISHED","2006","AFR","SWZ","","","WQ3","3.0","3.04485","","",""
"EQ_ITN","EQ_MICS","PUBLISHED","2006","EUR","TJK","","","","2.0","1.99890","","",""
"EQ_ITN","EQ_MICS","PUBLISHED","2006","EUR","TJK","","URB","","0.1","0.07227","","",""
"EQ_ITN","EQ_MICS","PUBLISHED","2006","EUR","TJK","","RUR","","2.9","2.94288","","",""
"EQ_ITN","EQ_MICS","PUBLISHED","2006","EUR","TJK","EDLVL06TO11YR","","","0.1","0.11609","","",""
"EQ_ITN","EQ_DHS","PUBLISHED","2010","AFR","TZA","","","WQ4","68.2","68.21162","","",""
"EQ_ITN","EQ_DHS","PUBLISHED","2010","AFR","TZA","","","WQ5","68.2","68.17574","","",""
"EQ_ITN","EQ_DHS","PUBLISHED","2009","SEAR","TLS","","","","40.9","40.85588","","",""
"EQ_ITN","EQ_DHS","PUBLISHED","2009","SEAR","TLS","","URB","","51.0","50.99594","","",""
"EQ_ITN","EQ_DHS","PUBLISHED","2009","SEAR","TLS","","RUR","","37.7","37.73920","","",""
"EQ_ITN","EQ_MICS","PUBLISHED","2006","AFR","TGO","EDLVL06TO11YR","","","41.1","41.08392","","",""
"EQ_ITN","EQ_MICS","PUBLISHED","2006","AFR","TGO","EDLVL12PLUSYR","","","49.5","49.47830","","",""
"EQ_ITN","EQ_MICS","PUBLISHED","2006","AFR","TGO","","","WQ1","32.6","32.58741","","",""
"EQ_ITN","EQ_MICS","PUBLISHED","2006","AFR","TGO","","","WQ2","33.6","33.64831","","",""
"EQ_ITN","EQ_MICS","PUBLISHED","2010","AFR","TGO","","","WQ5","55.5","55.47695","","",""
"EQ_ITN","EQ_DHS","PUBLISHED","2006","AFR","UGA","","","","15.9","15.88375","","",""
"EQ_ITN","EQ_DHS","PUBLISHED","2006","AFR","UGA","","URB","","26.0","25.99433","","",""
"EQ_ITN","EQ_DHS","PUBLISHED","2006","AFR","UGA","","RUR","","14.0","14.00607","","",""
"EQ_ITN","EQ_DHS","PUBLISHED","2011","AFR","UGA","EDLVL12PLUSYR","","","62.0","61.96654","","",""
"EQ_ITN","EQ_DHS","PUBLISHED","2011","AFR","UGA","","","WQ1","49.2","49.16220","","",""
"EQ_ITN","EQ_DHS","PUBLISHED","2011","AFR","UGA","","","WQ2","56.9","56.89880","","",""
"EQ_ITN","EQ_DHS","PUBLISHED","2011","AFR","UGA","","","WQ3","61.0","60.95996","","",""
"EQ_ITN","EQ_DHS","PUBLISHED","2001","AFR","ZMB","","","WQ5","22.3","22.33766","","",""
"EQ_ITN","EQ_DHS","PUBLISHED","2007","AFR","ZMB","","","","53.3","53.31954","","",""
"EQ_ITN","EQ_DHS","PUBLISHED","2007","AFR","ZMB","","URB","","52.6","52.55224","","",""
"EQ_ITN","EQ_DHS","PUBLISHED","2007","AFR","ZMB","","RUR","","53.7","53.72558","","",""
"EQ_ITN","EQ_DHS","PUBLISHED","2005","AFR","ZWE","EDLVL12PLUSYR","","","17.3","17.32494","","",""
"EQ_ITN","EQ_DHS","PUBLISHED","2005","AFR","ZWE","","","WQ1","5.3","5.33428","","",""
"EQ_ITN","EQ_DHS","PUBLISHED","2005","AFR","ZWE","","","WQ2","6.3","6.25669","","",""
"EQ_ITN","EQ_DHS","PUBLISHED","2005","AFR","ZWE","","","WQ3","13.8","13.83944","","",""
"EQ_ITN","EQ_DHS","PUBLISHED","2010","AFR","ZWE","","","","28.8","28.76985","","",""
"EQ_ITN","EQ_DHS","PUBLISHED","2010","AFR","ZWE","","URB","","23.2","23.16431","","",""
"EQ_ITN","EQ_DHS","PUBLISHED","2010","AFR","ZWE","","RUR","","31.6","31.62235","","",""
"EQ_ITN","EQ_DHS","PUBLISHED","2010","AFR","ZWE","EDLVL00TO05YR","","","18.7","18.66861","","",""
"EQ_ITN","EQ_DHS","PUBLISHED","2006","AFR","BEN","","","","24.6","24.55657","","",""
"EQ_ITN","EQ_DHS","PUBLISHED","2006","AFR","BEN","","URB","","29.2","29.17840","","",""
"EQ_ITN","EQ_DHS","PUBLISHED","2006","AFR","BEN","","RUR","","21.4","21.42857","","",""
"EQ_ITN","EQ_MICS","PUBLISHED","2010","AFR","CAF","EDLVL00TO05YR","","","50.9","50.93400","","",""
"EQ_ITN","EQ_MICS","PUBLISHED","2010","AFR","TCD","","","WQ1","29.3","29.32601","","",""
"EQ_ITN","EQ_MICS","PUBLISHED","2010","AFR","TCD","","","WQ2","49.2","49.20102","","",""
"EQ_ITN","EQ_MICS","PUBLISHED","2010","AFR","TCD","","","WQ3","60.2","60.21037","","",""
"EQ_ITN","EQ_MICS","PUBLISHED","2010","AFR","TCD","","","WQ4","66.0","65.95059","","",""
"EQ_ITN","EQ_DHS","PUBLISHED","2005","AFR","COG","","","","8.0","8.02503","","",""
"EQ_ITN","EQ_DHS","PUBLISHED","2005","AFR","COG","","URB","","8.0","8.02059","","",""
"EQ_ITN","EQ_DHS","PUBLISHED","2005","AFR","COG","","RUR","","8.0","8.02997","","",""
"EQ_ITN","EQ_MICS","PUBLISHED","2010","AFR","CAF","","RUR","","55.8","55.82924","","",""
"EQ_ITN","EQ_MICS","PUBLISHED","2010","AFR","CAF","","URB","","53.4","53.44257","","",""
"EQ_ITN","EQ_MICS","PUBLISHED","2010","AFR","CAF","","","","55.0","54.99818","","",""
"EQ_ITN","EQ_DHS","PUBLISHED","2011","AFR","CMR","","","WQ3","36.6","36.55203","","",""
"EQ_ITN","EQ_DHS","PUBLISHED","2011","AFR","CMR","","","WQ2","35.2","35.24622","","",""
"EQ_ITN","EQ_DHS","PUBLISHED","2011","AFR","CMR","","","WQ1","33.2","33.23616","","",""
"EQ_ITN","EQ_MICS","PUBLISHED","2010","AFR","COD","","URB","","57.9","57.88994","","",""
"EQ_ITN","EQ_MICS","PUBLISHED","2010","AFR","COD","","RUR","","48.3","48.28849","","",""
"EQ_ITN","EQ_MICS","PUBLISHED","2010","AFR","COD","EDLVL00TO05YR","","","45.1","45.05671","","",""
"EQ_ITN","EQ_MICS","PUBLISHED","2010","AFR","COD","EDLVL06TO11YR","","","59.4","59.43474","","",""
"EQ_ITN","EQ_DHS","PUBLISHED","2013","AFR","COD","","","WQ2","75.9","75.92036","","",""
"EQ_ITN","EQ_DHS","PUBLISHED","2013","AFR","COD","","","WQ3","73.3","73.29902","","",""
"EQ_ITN","EQ_DHS","PUBLISHED","2011","AFR","CMR","EDLVL12PLUSYR","","","35.5","35.47876","","",""
"EQ_ITN","EQ_DHS","PUBLISHED","2005","WPR","KHM","EDLVL00TO05YR","","","2.7","2.71068","","",""
"EQ_ITN","EQ_DHS","PUBLISHED","2005","WPR","KHM","","RUR","","4.9","4.88440","","",""
"EQ_ITN","EQ_DHS","PUBLISHED","2005","WPR","KHM","","URB","","2.3","2.27362","","",""
"EQ_ITN","EQ_DHS","PUBLISHED","2005","WPR","KHM","","","","4.5","4.50575","","",""
"EQ_ITN","EQ_DHS","PUBLISHED","2010","AFR","BFA","","","WQ3","52.0","52.01662","","",""
"EQ_ITN","EQ_DHS","PUBLISHED","2010","AFR","BFA","","","WQ2","54.5","54.53527","","",""
"EQ_ITN","EQ_DHS","PUBLISHED","2010","AFR","BFA","","","WQ1","52.5","52.49004","","",""
"EQ_ITN","EQ_DHS","PUBLISHED","2010","AFR","BFA","EDLVL12PLUSYR","","","74.9","74.90483","","",""
"EQ_ITN","EQ_MICS","PUBLISHED","2006","AFR","BFA","","RUR","","15.9","15.93239","","",""
"EQ_ITN","EQ_MICS","PUBLISHED","2006","AFR","BFA","","URB","","45.5","45.49083","","",""
"EQ_ITN","EQ_MICS","PUBLISHED","2006","AFR","BFA","","","","24.2","24.17632","","",""
"EQ_ITN","EQ_DHS","PUBLISHED","2003","AFR","BFA","","","WQ5","25.8","25.81378","","",""
"EQ_ITN","EQ_DHS","PUBLISHED","2011","AFR","BEN","","","WQ3","74.6","74.61393","","",""
"EQ_ITN","EQ_DHS","PUBLISHED","2011","AFR","BEN","","","WQ2","76.4","76.38730","","",""
"EQ_ITN","EQ_DHS","PUBLISHED","2011","AFR","BEN","","","WQ1","79.2","79.22167","","",""
"EQ_ITN","EQ_DHS","PUBLISHED","2011","AFR","BEN","EDLVL12PLUSYR","","","80.4","80.37807","","",""
"EQ_ITN","EQ_DHS","PUBLISHED","2011","AFR","BEN","EDLVL06TO11YR","","","79.7","79.73995","","",""
"EQ_ITN","EQ_DHS","PUBLISHED","2005","AFR","COG","EDLVL00TO05YR","","","5.5","5.48022","","",""
"EQ_ITN","EQ_DHS","PUBLISHED","2008","AFR","GHA","","RUR","","48.1","48.14842","","",""
"EQ_ITN","EQ_DHS","PUBLISHED","2008","AFR","GHA","EDLVL00TO05YR","","","30.4","30.44999","","",""
"EQ_ITN","EQ_DHS","PUBLISHED","2008","AFR","GHA","EDLVL06TO11YR","","","34.4","34.42003","","",""
"EQ_ITN","EQ_DHS","PUBLISHED","2008","AFR","GHA","EDLVL12PLUSYR","","","38.5","38.53338","","",""
"EQ_ITN","EQ_MICS","PUBLISHED","2011","AFR","GHA","","","WQ3","37.0","37.03418","","",""
"EQ_ITN","EQ_MICS","PUBLISHED","2011","AFR","GHA","","","WQ4","36.6","36.59956","","",""
"EQ_ITN","EQ_DHS","PUBLISHED","2005","AFR","COG","EDLVL06TO11YR","","","5.2","5.17052","","",""
"EQ_ITN","EQ_DHS","PUBLISHED","2011","AFR","COG","","","WQ1","24.3","24.31351","","",""
"EQ_ITN","EQ_DHS","PUBLISHED","2011","AFR","COG","","","WQ2","32.4","32.41973","","",""
"EQ_ITN","EQ_DHS","PUBLISHED","2011","AFR","COG","","","WQ3","25.5","25.52314","","",""
"EQ_ITN","EQ_DHS","PUBLISHED","2011","AFR","COG","","","WQ4","28.6","28.62042","","",""
"EQ_ITN","EQ_DHS","PUBLISHED","2005","AFR","ETH","","","WQ2","7.2","7.18735","","",""
"EQ_ITN","EQ_DHS","PUBLISHED","2005","AFR","ETH","","","WQ3","4.7","4.67891","","",""
"EQ_ITN","EQ_DHS","PUBLISHED","2005","AFR","ETH","","","WQ4","6.5","6.48842","","",""
"EQ_ITN","EQ_DHS","PUBLISHED","2005","AFR","ETH","","","WQ5","6.6","6.57036","","",""
"EQ_ITN","EQ_MICS","PUBLISHED","2005","AFR","GMB","","RUR","","61.6","61.60566","","",""
"EQ_ITN","EQ_MICS","PUBLISHED","2005","AFR","GMB","EDLVL00TO05YR","","","33.5","33.49946","","",""
"EQ_ITN","EQ_DHS","PUBLISHED","2013","AFR","COD","","","WQ4","64.1","64.09022","","",""
"EQ_ITN","EQ_DHS","PUBLISHED","2013","AFR","COD","","","WQ5","71.4","71.43432","","",""
"EQ_ITN","EQ_DHS","PUBLISHED","2011","AFR","CIV","","URB","","60.1","60.14749","","",""
"EQ_ITN","EQ_DHS","PUBLISHED","2011","AFR","CIV","","RUR","","73.2","73.19744","","",""
"EQ_ITN","EQ_DHS","PUBLISHED","2011","AFR","CIV","EDLVL00TO05YR","","","59.9","59.88922","","",""
"EQ_ITN","EQ_DHS","PUBLISHED","2011","AFR","CIV","EDLVL06TO11YR","","","64.4","64.43319","","",""
"EQ_ITN","EQ_MICS","PUBLISHED","2011","AFR","GHA","","","WQ5","32.9","32.94314","","",""
"EQ_ITN","EQ_MICS","PUBLISHED","2006","WPR","LAO","EDLVL00TO05YR","","","39.5","39.52477","","",""
"EQ_ITN","EQ_MICS","PUBLISHED","2006","WPR","LAO","EDLVL06TO11YR","","","41.0","40.96409","","",""
"EQ_ITN","EQ_MICS","PUBLISHED","2006","WPR","LAO","EDLVL12PLUSYR","","","0.0","0.00000","","",""
"EQ_ITN","EQ_MICS","PUBLISHED","2006","WPR","LAO","","","WQ1","53.6","53.60899","","",""
"EQ_ITN","EQ_MICS","PUBLISHED","2006","WPR","LAO","","","WQ2","45.9","45.93989","","",""
"EQ_ITN","EQ_MICS","PUBLISHED","2011","WPR","LAO","","","WQ4","40.7","40.69386","","",""
"EQ_ITN","EQ_MICS","PUBLISHED","2011","WPR","LAO","","","WQ5","21.4","21.36757","","",""
"EQ_ITN","EQ_DHS","PUBLISHED","2005","AFR","GIN","","","","3.5","3.53929","","",""
"EQ_ITN","EQ_DHS","PUBLISHED","2012","AFR","GIN","EDLVL00TO05YR","","","42.1","42.13462","","",""
"EQ_ITN","EQ_DHS","PUBLISHED","2012","AFR","GIN","EDLVL06TO11YR","","","37.9","37.86685","","",""
"EQ_ITN","EQ_DHS","PUBLISHED","2012","AFR","GIN","EDLVL12PLUSYR","","","43.7","43.69971","","",""
"EQ_ITN","EQ_DHS","PUBLISHED","2012","AFR","GIN","","","WQ1","55.4","55.38947","","",""
"EQ_ITN","EQ_MICS","PUBLISHED","2006","","","","","WQ3","37.0","36.99349","","",""
"EQ_ITN","EQ_MICS","PUBLISHED","2006","AFR","MWI","","","WQ5","72.2","72.18712","","",""
"EQ_ITN","EQ_DHS","PUBLISHED","2010","AFR","MWI","","","","56.8","56.83994","","",""
"EQ_ITN","EQ_DHS","PUBLISHED","2010","AFR","MWI","","URB","","64.3","64.26440","","",""
"EQ_ITN","EQ_DHS","PUBLISHED","2010","AFR","MWI","","RUR","","55.4","55.36401","","",""
"EQ_ITN","EQ_DHS","PUBLISHED","2006","AFR","MLI","EDLVL06TO11YR","","","52.2","52.24379","","",""
"EQ_ITN","EQ_DHS","PUBLISHED","2006","AFR","MLI","EDLVL12PLUSYR","","","62.4","62.44879","","",""
"EQ_ITN","EQ_MICS","PUBLISHED","2006","","","","","WQ4","37.1","37.09612","","",""
"EQ_ITN","EQ_MICS","PUBLISHED","2006","","","","","WQ5","32.1","32.08362","","",""
"EQ_ITN","EQ_DHS","PUBLISHED","2009","AMR","GUY","","","","25.6","25.59490","","",""
"EQ_ITN","EQ_DHS","PUBLISHED","2012","AMR","HTI","EDLVL00TO05YR","","","22.3","22.33222","","",""
"EQ_ITN","EQ_DHS","PUBLISHED","2012","AMR","HTI","EDLVL06TO11YR","","","27.0","27.00080","","",""
"EQ_ITN","EQ_MICS","PUBLISHED","2005","AFR","GMB","EDLVL06TO11YR","","","32.7","32.69782","","",""
"EQ_ITN","EQ_MICS","PUBLISHED","2005","AFR","GMB","EDLVL12PLUSYR","","","22.9","22.92453","","",""
"EQ_ITN","EQ_DHS","PUBLISHED","2003","AFR","GHA","","","WQ2","1.7","1.68418","","",""
"EQ_ITN","EQ_DHS","PUBLISHED","2003","AFR","GHA","","","WQ3","2.5","2.51649","","",""
"EQ_ITN","EQ_DHS","PUBLISHED","2003","AFR","GHA","","","WQ4","2.3","2.31567","","",""
"EQ_ITN","EQ_DHS","PUBLISHED","2003","AFR","GHA","","","WQ5","5.0","5.03151","","",""
"EQ_ITN","EQ_MICS","PUBLISHED","2006","AFR","GHA","","","","20.1","20.07139","","",""
"EQ_ITN","EQ_DHS","PUBLISHED","2013","AFR","LBR","","","","54.6","54.61503","","",""
"EQ_ITN","EQ_DHS","PUBLISHED","2013","AFR","LBR","","URB","","49.7","49.66479","","",""
"EQ_ITN","EQ_DHS","PUBLISHED","2008","AFR","MDG","EDLVL06TO11YR","","","64.6","64.59996","","",""
"EQ_ITN","EQ_DHS","PUBLISHED","2008","AFR","MDG","EDLVL12PLUSYR","","","59.7","59.67222","","",""
"EQ_ITN","EQ_DHS","PUBLISHED","2008","AFR","MDG","","","WQ1","54.7","54.67282","","",""
"EQ_ITN","EQ_DHS","PUBLISHED","2008","AFR","MDG","","","WQ2","62.2","62.17071","","",""
"EQ_ITN","EQ_DHS","PUBLISHED","2012","AMR","HTI","EDLVL12PLUSYR","","","35.4","35.43644","","",""
"EQ_ITN","EQ_DHS","PUBLISHED","2012","AMR","HTI","","","WQ1","19.3","19.31386","","",""
"EQ_ITN","EQ_DHS","PUBLISHED","2003","AFR","KEN","","","WQ4","17.5","17.48532","","",""
"EQ_ITN","EQ_DHS","PUBLISHED","2003","AFR","KEN","","","WQ5","19.7","19.72417","","",""
"EQ_ITN","EQ_DHS","PUBLISHED","2008","AFR","KEN","","","","55.7","55.74667","","",""
"EQ_ITN","EQ_DHS","PUBLISHED","2008","AFR","KEN","","URB","","57.8","57.75831","","",""
"EQ_ITN","EQ_DHS","PUBLISHED","2011","AFR","MOZ","EDLVL12PLUSYR","","","61.0","60.95073","","",""
"EQ_ITN","EQ_DHS","PUBLISHED","2011","AFR","MOZ","","","WQ1","53.1","53.13466","","",""
"EQ_ITN","EQ_DHS","PUBLISHED","2011","AFR","MOZ","","","WQ2","59.0","59.02518","","",""
"EQ_ITN","EQ_DHS","PUBLISHED","2011","AFR","MOZ","","","WQ3","56.6","56.60484","","",""
"EQ_ITN","EQ_DHS","PUBLISHED","2006","AFR","NAM","","","WQ5","6.5","6.46997","","",""
"EQ_ITN","EQ_DHS","PUBLISHED","2013","AFR","NAM","","","","24.4","24.39232","","",""
"EQ_ITN","EQ_DHS","PUBLISHED","2013","AFR","NAM","","RUR","","34.3","34.33210","","",""
"EQ_ITN","EQ_DHS","PUBLISHED","2013","AFR","NAM","EDLVL00TO05YR","","","16.3","16.28724","","",""
"EQ_ITN","EQ_DHS","PUBLISHED","2006","AFR","NER","EDLVL12PLUSYR","","","33.3","33.29017","","",""
"EQ_ITN","EQ_DHS","PUBLISHED","2006","AFR","NER","","","WQ1","37.2","37.17635","","",""
"EQ_ITN","EQ_DHS","PUBLISHED","2006","AFR","NER","","","WQ2","40.5","40.53977","","",""
"EQ_ITN","EQ_DHS","PUBLISHED","2006","AFR","NER","","","WQ3","36.5","36.48802","","",""
"EQ_ITN","EQ_DHS","PUBLISHED","2003","AFR","NGA","","","","2.3","2.33617","","",""
"EQ_ITN","EQ_DHS","PUBLISHED","2003","AFR","NGA","","URB","","1.1","1.05758","","",""
"EQ_ITN","EQ_DHS","PUBLISHED","2003","AFR","NGA","","RUR","","3.1","3.05368","","",""
"EQ_ITN","EQ_DHS","PUBLISHED","2003","AFR","NGA","EDLVL00TO05YR","","","0.6","0.59681","","",""
"EQ_ITN","EQ_MICS","PUBLISHED","2007","AFR","NGA","","","WQ1","0.8","0.77314","","",""
"EQ_ITN","EQ_DHS","PUBLISHED","2006","AFR","MLI","","","WQ1","47.3","47.29426","","",""
"EQ_ITN","EQ_DHS","PUBLISHED","2006","AFR","MLI","","","WQ2","49.6","49.56748","","",""
"EQ_ITN","EQ_DHS","PUBLISHED","2012","AFR","MLI","","","WQ5","78.8","78.76702","","",""
"EQ_ITN","EQ_MICS","PUBLISHED","2007","AFR","MRT","","","","8.0","8.04141","","",""
"EQ_ITN","EQ_MICS","PUBLISHED","2007","AFR","MRT","","URB","","7.4","7.39450","","",""
"EQ_ITN","EQ_MICS","PUBLISHED","2007","AFR","MRT","","RUR","","8.6","8.55433","","",""
"EQ_ITN","EQ_DHS","PUBLISHED","2013","AFR","NAM","","URB","","15.2","15.21588","","",""
"EQ_ITN","EQ_DHS","PUBLISHED","2013","AFR","NGA","","","WQ1","49.1","49.11295","","",""
"EQ_ITN","EQ_DHS","PUBLISHED","2013","AFR","NGA","","","WQ2","40.6","40.61092","","",""
"EQ_ITN","EQ_DHS","PUBLISHED","2013","AFR","NGA","","","WQ3","40.1","40.09335","","",""
"EQ_ITN","EQ_DHS","PUBLISHED","2013","AFR","NGA","","","WQ4","39.9","39.93856","","",""
"EQ_ITN","EQ_DHS","PUBLISHED","2005","AFR","RWA","EDLVL06TO11YR","","","42.5","42.51152","","",""
"EQ_ITN","EQ_DHS","PUBLISHED","2012","AFR","SEN","EDLVL00TO05YR","","","61.5","61.54572","","",""
"EQ_ITN","EQ_MICS","PUBLISHED","2005","AFR","SLE","","","WQ5","8.7","8.66051","","",""
"EQ_ITN","EQ_DHS","PUBLISHED","2008","AFR","SLE","","","","36.7","36.67026","","",""
"EQ_ITN","EQ_DHS","PUBLISHED","2012","AFR","SEN","EDLVL06TO11YR","","","56.5","56.54535","","",""
"EQ_ITN","EQ_DHS","PUBLISHED","2012","AFR","SEN","EDLVL12PLUSYR","","","37.1","37.08120","","",""
"EQ_ITN","EQ_MICS","PUBLISHED","2005","AFR","SLE","","","WQ3","6.2","6.16377","","",""
"EQ_ITN","EQ_MICS","PUBLISHED","2005","AFR","SLE","","","WQ4","4.5","4.45472","","",""
"EQ_ITN","EQ_DHS","PUBLISHED","2008","AFR","STP","","","WQ2","68.3","68.26485","","",""
"EQ_ITN","EQ_DHS","PUBLISHED","2008","AFR","STP","","","WQ3","72.9","72.86847","","",""
"EQ_ITN","EQ_DHS","PUBLISHED","2008","AFR","STP","","","WQ4","73.2","73.17416","","",""
"EQ_ITN","EQ_DHS","PUBLISHED","2008","AFR","STP","","","WQ5","77.3","77.32784","","",""
"EQ_ITN","EQ_DHS","PUBLISHED","2012","AFR","SEN","","RUR","","88.9","88.88022","","",""
"EQ_ITN","EQ_MICS","PUBLISHED","2010","AFR","SLE","","RUR","","37.7","37.69282","","",""
"EQ_ITN","EQ_MICS","PUBLISHED","2011","AMR","SUR","","RUR","","59.2","59.15420","","",""
"EQ_ITN","EQ_DHS","PUBLISHED","2006","AFR","SWZ","","","","4.4","4.41058","","",""
"EQ_ITN","EQ_MICS","PUBLISHED","2010","AFR","SLE","EDLVL00TO05YR","","","31.0","31.00219","","",""
"EQ_ITN","EQ_MICS","PUBLISHED","2010","AFR","SLE","EDLVL06TO11YR","","","33.3","33.34453","","",""
"EQ_ITN","EQ_MICS","PUBLISHED","2010","AFR","SLE","EDLVL12PLUSYR","","","40.1","40.08580","","",""
"EQ_ITN","EQ_DHS","PUBLISHED","2013","AFR","SLE","","","WQ3","55.7","55.71080","","",""
"EQ_ITN","EQ_DHS","PUBLISHED","2013","AFR","SLE","","","WQ4","49.1","49.12717","","",""
"EQ_ITN","EQ_DHS","PUBLISHED","2013","AFR","SLE","","","WQ5","57.4","57.40656","","",""
"EQ_ITN","EQ_MICS","PUBLISHED","2006","AFR","SOM","","","","12.6","12.59406","","",""
"EQ_ITN","EQ_MICS","PUBLISHED","2011","AMR","SUR","","","","59.2","59.15420","","",""
"EQ_ITN","EQ_MICS","PUBLISHED","2011","AMR","SUR","","URB","","0.0","0.00000","","",""
"EQ_ITN","EQ_MICS","PUBLISHED","2010","AFR","SWZ","","RUR","","12.3","12.32160","","",""
"EQ_ITN","EQ_MICS","PUBLISHED","2010","AFR","SWZ","EDLVL00TO05YR","","","7.1","7.09839","","",""
"EQ_ITN","EQ_MICS","PUBLISHED","2010","AFR","SWZ","EDLVL06TO11YR","","","4.2","4.24711","","",""
"EQ_ITN","EQ_MICS","PUBLISHED","2010","AFR","SWZ","EDLVL12PLUSYR","","","6.0","5.96546","","",""
"EQ_ITN","EQ_MICS","PUBLISHED","2010","AFR","SWZ","","","WQ1","3.2","3.22404","","",""
"EQ_ITN","EQ_DHS","PUBLISHED","2010","AFR","TZA","","URB","","64.8","64.76930","","",""
"EQ_ITN","EQ_MICS","PUBLISHED","2010","AFR","TGO","EDLVL06TO11YR","","","55.8","55.80973","","",""
"EQ_ITN","EQ_MICS","PUBLISHED","2010","AFR","TGO","EDLVL12PLUSYR","","","54.7","54.72108","","",""
"EQ_ITN","EQ_DHS","PUBLISHED","2006","AFR","UGA","","","WQ2","22.0","22.04014","","",""
"EQ_ITN","EQ_MICS","PUBLISHED","2010","AFR","TGO","","RUR","","61.8","61.81623","","",""
"EQ_ITN","EQ_MICS","PUBLISHED","2010","AFR","TGO","EDLVL00TO05YR","","","44.1","44.05436","","",""
"EQ_ITN","EQ_DHS","PUBLISHED","2009","SEAR","TLS","","","WQ3","60.0","60.03330","","",""
"EQ_ITN","EQ_DHS","PUBLISHED","2009","SEAR","TLS","","","WQ4","61.8","61.75290","","",""
"EQ_ITN","EQ_DHS","PUBLISHED","2009","SEAR","TLS","","","WQ5","45.9","45.92106","","",""
"EQ_ITN","EQ_DHS","PUBLISHED","2001","AFR","ZMB","EDLVL06TO11YR","","","11.6","11.55090","","",""
"EQ_ITN","EQ_DHS","PUBLISHED","2001","AFR","ZMB","EDLVL12PLUSYR","","","21.0","21.00118","","",""
"EQ_ITN","EQ_DHS","PUBLISHED","2007","AFR","ZMB","","","WQ3","50.1","50.13933","","",""
"EQ_ITN","EQ_DHS","PUBLISHED","2007","AFR","ZMB","","","WQ4","60.2","60.17841","","",""
"EQ_ITN","EQ_DHS","PUBLISHED","2007","AFR","ZMB","","","WQ5","58.5","58.45887","","",""
"EQ_ITN","EQ_DHS","PUBLISHED","2005","AFR","ZWE","","","","8.5","8.49988","","",""
"EQ_ITN","EQ_MICS","PUBLISHED","2009","AFR","ZWE","","RUR","","28.4","28.38596","","",""
"EQ_ITN","EQ_MICS","PUBLISHED","2009","AFR","ZWE","EDLVL00TO05YR","","","21.8","21.82471","","",""
"EQ_ITN","EQ_MICS","PUBLISHED","2009","AFR","ZWE","EDLVL06TO11YR","","","27.4","27.38565","","",""
"EQ_ITN","EQ_MICS","PUBLISHED","2009","AFR","ZWE","EDLVL12PLUSYR","","","29.8","29.84931","","",""
"EQ_ITN","EQ_MICS","PUBLISHED","2009","AFR","ZWE","","","WQ1","23.1","23.08138","","",""
"EQ_ITN","EQ_DHS","PUBLISHED","2010","AFR","ZWE","","","WQ3","24.6","24.60085","","",""
"EQ_ITN","EQ_DHS","PUBLISHED","2010","AFR","ZWE","","","WQ4","28.5","28.46196","","",""
"EQ_ITN","EQ_DHS","PUBLISHED","2010","AFR","ZWE","","","WQ5","24.0","24.02654","","",""
"EQ_ITN","EQ_DHS","PUBLISHED","2005","AFR","RWA","EDLVL12PLUSYR","","","54.7","54.65876","","",""
"EQ_ITN","EQ_DHS","PUBLISHED","2005","AFR","RWA","","","WQ1","13.4","13.42519","","",""
"EQ_ITN","EQ_DHS","PUBLISHED","2005","AFR","RWA","","","WQ2","13.1","13.08556","","",""
"EQ_ITN","EQ_DHS","PUBLISHED","2010","AFR","RWA","","URB","","84.5","84.46865","","",""
"EQ_ITN","EQ_DHS","PUBLISHED","2010","AFR","RWA","","RUR","","81.6","81.58150","","",""
"EQ_ITN","EQ_DHS","PUBLISHED","2010","AFR","RWA","EDLVL00TO05YR","","","80.5","80.52576","","",""
"EQ_ITN","EQ_MICS","PUBLISHED","2007","AFR","NGA","","","WQ2","2.5","2.51227","","",""
"EQ_ITN","EQ_DHS","PUBLISHED","2010","AFR","RWA","EDLVL06TO11YR","","","88.1","88.11163","","",""
"EQ_ITN","EQ_DHS","PUBLISHED","2010","AFR","RWA","EDLVL12PLUSYR","","","88.3","88.26449","","",""
"EQ_ITN","EQ_DHS","PUBLISHED","2010","AFR","TZA","","RUR","","63.4","63.41037","","",""
"EQ_ITN","EQ_DHS","PUBLISHED","2010","AFR","TZA","EDLVL00TO05YR","","","56.9","56.94508","","",""
"EQ_ITN","EQ_DHS","PUBLISHED","2010","AFR","TZA","EDLVL06TO11YR","","","67.9","67.86714","","",""
"EQ_ITN","EQ_MICS","PUBLISHED","2007","AFR","NGA","","","WQ3","3.3","3.29391","","",""
"EQ_ITN","EQ_MICS","PUBLISHED","2007","AFR","NGA","","","WQ4","4.9","4.91855","","",""
"EQ_ITN","EQ_MICS","PUBLISHED","2011","AFR","NGA","","","","40.8","40.82410","","",""
"EQ_ITN","EQ_MICS","PUBLISHED","2011","AFR","NGA","","URB","","32.5","32.54672","","",""
"EQ_ITN","EQ_MICS","PUBLISHED","2011","AFR","NGA","","RUR","","45.6","45.57866","","",""
"EQ_ITN","EQ_MICS","PUBLISHED","2011","AFR","NGA","EDLVL00TO05YR","","","33.4","33.43592","","",""
"EQ_ITN","EQ_DHS","PUBLISHED","2009","SEAR","TLS","","","WQ2","50.5","50.46280","","",""
"EQ_ITN","EQ_DHS","PUBLISHED","2001","AFR","ZMB","","RUR","","11.0","10.95768","","",""
"EQ_ITN","EQ_DHS","PUBLISHED","2001","AFR","ZMB","EDLVL00TO05YR","","","7.2","7.16215","","",""
"EQ_ITN","EQ_DHS","PUBLISHED","2006","AFR","UGA","","","WQ4","31.3","31.26140","","",""
"EQ_ITN","EQ_DHS","PUBLISHED","2006","AFR","UGA","","","WQ5","34.7","34.74965","","",""
"EQ_ITN","EQ_DHS","PUBLISHED","2006","AFR","UGA","","","WQ3","23.8","23.80920","","",""
"EQ_ITN","EQ_DHS","PUBLISHED","2006","AFR","BEN","EDLVL00TO05YR","","","22.1","22.08968","","",""
"EQ_ITN","EQ_DHS","PUBLISHED","2006","AFR","BEN","EDLVL12PLUSYR","","","43.0","42.98740","","",""
"EQ_ITN","EQ_MICS","PUBLISHED","2010","AFR","TCD","","RUR","","36.4","36.43039","","",""
"EQ_ITN","EQ_MICS","PUBLISHED","2010","AFR","TCD","EDLVL06TO11YR","","","64.1","64.11709","","",""
"EQ_ITN","EQ_DHS","PUBLISHED","2012","AFR","COM","","","","59.1","59.07029","","",""
"EQ_ITN","EQ_DHS","PUBLISHED","2012","AFR","COM","","RUR","","60.3","60.33968","","",""
"EQ_ITN","EQ_DHS","PUBLISHED","2012","AFR","COM","","","WQ2","53.2","53.24392","","",""
"EQ_ITN","EQ_DHS","PUBLISHED","2012","AFR","COM","","","WQ4","57.6","57.55081","","",""
"EQ_ITN","EQ_DHS","PUBLISHED","2011","AFR","CMR","EDLVL00TO05YR","","","34.3","34.31343","","",""
"EQ_ITN","EQ_DHS","PUBLISHED","2011","AFR","CMR","","URB","","35.4","35.42745","","",""
"EQ_ITN","EQ_DHS","PUBLISHED","2005","WPR","KHM","","","WQ2","4.4","4.40092","","",""
"EQ_ITN","EQ_DHS","PUBLISHED","2005","WPR","KHM","EDLVL12PLUSYR","","","1.5","1.46395","","",""
"EQ_ITN","EQ_DHS","PUBLISHED","2010","AFR","BDI","","","WQ4","73.2","73.23649","","",""
"EQ_ITN","EQ_DHS","PUBLISHED","2010","AFR","BDI","","","WQ2","61.4","61.38884","","",""
"EQ_ITN","EQ_DHS","PUBLISHED","2003","AFR","BFA","","","WQ3","12.6","12.55681","","",""
"EQ_ITN","EQ_DHS","PUBLISHED","2003","AFR","BFA","","","WQ1","5.1","5.13970","","",""
"EQ_ITN","EQ_DHS","PUBLISHED","2003","AFR","BFA","","URB","","14.9","14.86560","","",""
"EQ_ITN","EQ_DHS","PUBLISHED","2011","AFR","BEN","","","WQ5","80.2","80.22025","","",""
"EQ_ITN","EQ_DHS","PUBLISHED","2011","AFR","BEN","EDLVL00TO05YR","","","76.5","76.52506","","",""
"EQ_ITN","EQ_DHS","PUBLISHED","2011","AFR","BEN","","URB","","78.2","78.22344","","",""
"EQ_ITN","EQ_DHS","PUBLISHED","2005","AFR","COG","EDLVL12PLUSYR","","","12.3","12.30705","","",""
"EQ_ITN","EQ_DHS","PUBLISHED","2013","AFR","COD","","","WQ1","70.9","70.87851","","",""
"EQ_ITN","EQ_MICS","PUBLISHED","2006","","","","","","7.7","7.68978","","",""
"EQ_ITN","EQ_MICS","PUBLISHED","2006","","","","RUR","","6.3","6.34458","","",""
"EQ_ITN","EQ_MICS","PUBLISHED","2006","","","","","WQ4","11.6","11.58149","","",""
"EQ_ITN","EQ_DHS","PUBLISHED","2011","AFR","CIV","","","","67.3","67.27811","","",""
"EQ_ITN","EQ_DHS","PUBLISHED","2011","AFR","CIV","EDLVL12PLUSYR","","","54.7","54.66097","","",""
"EQ_ITN","EQ_DHS","PUBLISHED","2011","AFR","CIV","","","WQ2","57.0","57.02786","","",""
"EQ_ITN","EQ_DHS","PUBLISHED","2011","AFR","CIV","","","WQ4","65.4","65.41405","","",""
"EQ_ITN","EQ_DHS","PUBLISHED","2005","AFR","ETH","EDLVL00TO05YR","","","2.7","2.72971","","",""
"EQ_ITN","EQ_DHS","PUBLISHED","2005","AFR","ETH","EDLVL12PLUSYR","","","9.7","9.71428","","",""
"EQ_ITN","EQ_DHS","PUBLISHED","2012","AFR","GAB","","URB","","34.9","34.85562","","",""
"EQ_ITN","EQ_DHS","PUBLISHED","2012","AFR","GAB","EDLVL00TO05YR","","","35.0","35.04297","","",""
"EQ_ITN","EQ_DHS","PUBLISHED","2012","AFR","GAB","","","WQ5","23.7","23.66169","","",""
"EQ_ITN","EQ_MICS","PUBLISHED","2005","AFR","GMB","","URB","","32.3","32.32698","","",""
"EQ_ITN","EQ_MICS","PUBLISHED","2010","AFR","CAF","","","WQ1","48.4","48.43316","","",""
"EQ_ITN","EQ_MICS","PUBLISHED","2010","AFR","CAF","EDLVL06TO11YR","","","55.9","55.86149","","",""
"EQ_ITN","EQ_MICS","PUBLISHED","2006","AFR","CAF","","","WQ5","36.5","36.49519","","",""
"EQ_ITN","EQ_MICS","PUBLISHED","2006","AFR","CAF","","","WQ3","25.5","25.49917","","",""
"EQ_ITN","EQ_MICS","PUBLISHED","2006","AFR","CAF","","URB","","26.8","26.81673","","",""
"EQ_ITN","EQ_DHS","PUBLISHED","2011","AFR","CMR","","","WQ5","36.3","36.30752","","",""
"EQ_ITN","EQ_MICS","PUBLISHED","2006","AFR","GHA","","","WQ4","19.6","19.61833","","",""
"EQ_ITN","EQ_DHS","PUBLISHED","2008","AFR","GHA","","","","41.7","41.73858","","",""
"EQ_ITN","EQ_DHS","PUBLISHED","2008","AFR","GHA","","","WQ2","30.0","30.04088","","",""
"EQ_ITN","EQ_DHS","PUBLISHED","2008","AFR","GHA","","","WQ4","35.8","35.78771","","",""
"EQ_ITN","EQ_MICS","PUBLISHED","2011","AFR","GHA","EDLVL12PLUSYR","","","41.7","41.73928","","",""
"EQ_ITN","EQ_MICS","PUBLISHED","2011","AFR","GHA","","","WQ2","46.1","46.11887","","",""
"EQ_ITN","EQ_DHS","PUBLISHED","2005","AFR","COG","","","WQ2","4.3","4.27689","","",""
"EQ_ITN","EQ_DHS","PUBLISHED","2011","AFR","COG","EDLVL00TO05YR","","","23.8","23.77822","","",""
"EQ_ITN","EQ_DHS","PUBLISHED","2011","AFR","COG","EDLVL12PLUSYR","","","30.2","30.15940","","",""
"EQ_ITN","EQ_DHS","PUBLISHED","2011","AFR","COG","","","WQ5","23.9","23.86244","","",""
"EQ_ITN","EQ_DHS","PUBLISHED","2007","AFR","COD","","URB","","12.4","12.35470","","",""
"EQ_ITN","EQ_DHS","PUBLISHED","2007","AFR","COD","EDLVL00TO05YR","","","6.1","6.05317","","",""
"EQ_ITN","EQ_DHS","PUBLISHED","2010","AFR","BDI","","","","52.0","52.01353","","",""
"EQ_ITN","EQ_DHS","PUBLISHED","2010","AFR","BFA","","","WQ4","62.5","62.49894","","",""
"EQ_ITN","EQ_DHS","PUBLISHED","2010","AFR","BFA","EDLVL06TO11YR","","","66.7","66.72436","","",""
"EQ_ITN","EQ_DHS","PUBLISHED","2010","AFR","BFA","","RUR","","55.9","55.92643","","",""
"EQ_ITN","EQ_MICS","PUBLISHED","2006","AFR","BFA","","","WQ1","23.1","23.13099","","",""
"EQ_ITN","EQ_MICS","PUBLISHED","2006","AFR","BFA","EDLVL06TO11YR","","","64.5","64.52745","","",""
"EQ_ITN","EQ_DHS","PUBLISHED","2007","AFR","COD","","","WQ3","7.9","7.93268","","",""
"EQ_ITN","EQ_DHS","PUBLISHED","2007","AFR","COD","","","WQ5","19.2","19.24570","","",""
"EQ_ITN","EQ_MICS","PUBLISHED","2010","AFR","COD","","","WQ1","42.5","42.47892","","",""
"EQ_ITN","EQ_MICS","PUBLISHED","2010","AFR","COD","","","WQ3","50.3","50.29197","","",""
"EQ_ITN","EQ_DHS","PUBLISHED","2013","AFR","COD","","RUR","","69.6","69.61620","","",""
"EQ_ITN","EQ_DHS","PUBLISHED","2013","AFR","COD","EDLVL06TO11YR","","","67.9","67.92370","","",""
"EQ_ITN","EQ_MICS","PUBLISHED","2005","AFR","GMB","","","WQ1","41.8","41.79349","","",""
"EQ_ITN","EQ_MICS","PUBLISHED","2006","WPR","LAO","","URB","","40.3","40.31618","","",""
"EQ_ITN","EQ_MICS","PUBLISHED","2006","WPR","LAO","","","WQ3","44.5","44.49354","","",""
"EQ_ITN","EQ_MICS","PUBLISHED","2006","WPR","LAO","","","WQ5","24.0","23.99621","","",""
"EQ_ITN","EQ_MICS","PUBLISHED","2011","WPR","LAO","","","WQ1","58.5","58.53913","","",""
"EQ_ITN","EQ_MICS","PUBLISHED","2011","WPR","LAO","","","WQ3","47.0","46.95457","","",""
"EQ_ITN","EQ_MICS","PUBLISHED","2005","AFR","GMB","","","WQ3","38.1","38.14177","","",""
"EQ_ITN","EQ_DHS","PUBLISHED","2003","AFR","GHA","EDLVL06TO11YR","","","1.6","1.55412","","",""
"EQ_ITN","EQ_DHS","PUBLISHED","2003","AFR","GHA","","","WQ1","2.8","2.77028","","",""
"EQ_ITN","EQ_MICS","PUBLISHED","2006","AFR","GHA","","RUR","","23.5","23.51878","","",""
"EQ_ITN","EQ_MICS","PUBLISHED","2006","AFR","GHA","EDLVL06TO11YR","","","15.2","15.19278","","",""
"EQ_ITN","EQ_MICS","PUBLISHED","2006","","","EDLVL06TO11YR","","","36.3","36.30866","","",""
"EQ_ITN","EQ_MICS","PUBLISHED","2006","","","","","WQ1","47.9","47.92163","","",""
"EQ_ITN","EQ_DHS","PUBLISHED","2009","AMR","GUY","","RUR","","30.8","30.76365","","",""
"EQ_ITN","EQ_DHS","PUBLISHED","2009","AMR","GUY","EDLVL06TO11YR","","","12.1","12.09193","","",""
"EQ_ITN","EQ_DHS","PUBLISHED","2012","AMR","HTI","","","","18.8","18.81087","","",""
"EQ_ITN","EQ_DHS","PUBLISHED","2012","AMR","HTI","","RUR","","13.5","13.48546","","",""
"EQ_ITN","EQ_DHS","PUBLISHED","2008","AFR","KEN","","","WQ5","63.2","63.24882","","",""
"EQ_ITN","EQ_DHS","PUBLISHED","2013","AFR","LBR","","RUR","","61.1","61.08914","","",""
"EQ_ITN","EQ_DHS","PUBLISHED","2013","AFR","LBR","EDLVL06TO11YR","","","48.9","48.92606","","",""
"EQ_ITN","EQ_DHS","PUBLISHED","2008","AFR","MDG","","","","57.0","57.04168","","",""
"EQ_ITN","EQ_DHS","PUBLISHED","2008","AFR","MDG","","RUR","","56.4","56.43661","","",""
"EQ_ITN","EQ_DHS","PUBLISHED","2008","AFR","MDG","","","WQ4","63.7","63.67460","","",""
"EQ_ITN","EQ_MICS","PUBLISHED","2006","AFR","MWI","","","","40.4","40.41628","","",""
"EQ_ITN","EQ_DHS","PUBLISHED","2005","AFR","GIN","","URB","","5.7","5.65305","","",""
"EQ_ITN","EQ_DHS","PUBLISHED","2005","AFR","GIN","EDLVL00TO05YR","","","5.4","5.43726","","",""
"EQ_ITN","EQ_DHS","PUBLISHED","2011","AFR","MOZ","","RUR","","49.7","49.69369","","",""
"EQ_ITN","EQ_DHS","PUBLISHED","2011","AFR","MOZ","EDLVL06TO11YR","","","60.0","60.04877","","",""
"EQ_ITN","EQ_DHS","PUBLISHED","2011","AFR","MOZ","","","WQ4","55.0","55.04197","","",""
"EQ_ITN","EQ_DHS","PUBLISHED","2006","AFR","NAM","","","","20.2","20.20579","","",""
"EQ_ITN","EQ_DHS","PUBLISHED","2006","AFR","NAM","","","WQ2","15.1","15.05721","","",""
"EQ_ITN","EQ_DHS","PUBLISHED","2006","AFR","NAM","","","WQ4","8.9","8.86350","","",""
"EQ_ITN","EQ_DHS","PUBLISHED","2005","AFR","GIN","","","WQ5","7.0","7.02480","","",""
"EQ_ITN","EQ_DHS","PUBLISHED","2012","AFR","GIN","","URB","","41.8","41.83097","","",""
"EQ_ITN","EQ_DHS","PUBLISHED","2012","AFR","GIN","","","WQ3","36.4","36.38207","","",""
"EQ_ITN","EQ_DHS","PUBLISHED","2012","AFR","GIN","","","WQ5","40.3","40.29489","","",""
"EQ_ITN","EQ_MICS","PUBLISHED","2006","AFR","MWI","EDLVL12PLUSYR","","","76.6","76.64970","","",""
"EQ_ITN","EQ_MICS","PUBLISHED","2006","AFR","MWI","","","WQ2","49.5","49.52734","","",""
"EQ_ITN","EQ_MICS","PUBLISHED","2006","AFR","MWI","","","WQ4","62.4","62.38335","","",""
"EQ_ITN","EQ_DHS","PUBLISHED","2010","AFR","MWI","EDLVL00TO05YR","","","45.0","45.01099","","",""
"EQ_ITN","EQ_DHS","PUBLISHED","2010","AFR","MWI","EDLVL12PLUSYR","","","76.8","76.78088","","",""
"EQ_ITN","EQ_DHS","PUBLISHED","2006","AFR","MLI","","URB","","53.9","53.91409","","",""
"EQ_ITN","EQ_DHS","PUBLISHED","2012","AMR","HTI","","","WQ2","24.7","24.68239","","",""
"EQ_ITN","EQ_DHS","PUBLISHED","2012","AMR","HTI","","","WQ4","28.6","28.55211","","",""
"EQ_ITN","EQ_DHS","PUBLISHED","2003","AFR","KEN","EDLVL12PLUSYR","","","19.5","19.50106","","",""
"EQ_ITN","EQ_DHS","PUBLISHED","2003","AFR","KEN","","","WQ2","9.1","9.11196","","",""
"EQ_ITN","EQ_DHS","PUBLISHED","2008","AFR","KEN","EDLVL00TO05YR","","","46.5","46.46925","","",""
"EQ_ITN","EQ_DHS","PUBLISHED","2008","AFR","KEN","EDLVL12PLUSYR","","","62.6","62.57678","","",""
"EQ_ITN","EQ_DHS","PUBLISHED","2006","AFR","MLI","EDLVL00TO05YR","","","52.8","52.78679","","",""
"EQ_ITN","EQ_DHS","PUBLISHED","2006","AFR","MLI","","","WQ3","55.2","55.18660","","",""
"EQ_ITN","EQ_DHS","PUBLISHED","2006","AFR","MLI","","","WQ5","57.7","57.65855","","",""
"EQ_ITN","EQ_DHS","PUBLISHED","2012","AFR","MLI","","URB","","81.9","81.85799","","",""
"EQ_ITN","EQ_DHS","PUBLISHED","2012","AFR","MLI","","","WQ1","80.9","80.93318","","",""
"EQ_ITN","EQ_DHS","PUBLISHED","2012","AFR","MLI","","","WQ3","81.3","81.25244","","",""
"EQ_ITN","EQ_MICS","PUBLISHED","2007","AFR","MRT","EDLVL06TO11YR","","","10.3","10.34823","","",""
"EQ_ITN","EQ_MICS","PUBLISHED","2007","AFR","MRT","","","WQ1","7.9","7.90048","","",""
"EQ_ITN","EQ_DHS","PUBLISHED","2012","AFR","NER","","","WQ3","69.6","69.59826","","",""
"EQ_ITN","EQ_DHS","PUBLISHED","2012","AFR","NER","","","WQ5","72.4","72.41548","","",""
"EQ_ITN","EQ_DHS","PUBLISHED","2003","AFR","NGA","EDLVL06TO11YR","","","1.0","1.00599","","",""
"EQ_ITN","EQ_DHS","PUBLISHED","2003","AFR","NGA","","","WQ1","1.1","1.09632","","",""
"EQ_ITN","EQ_MICS","PUBLISHED","2007","AFR","NGA","","RUR","","3.4","3.35845","","",""
"EQ_ITN","EQ_MICS","PUBLISHED","2007","AFR","NGA","EDLVL06TO11YR","","","6.0","6.03809","","",""
"EQ_ITN","EQ_DHS","PUBLISHED","2013","AFR","NAM","EDLVL12PLUSYR","","","14.8","14.78932","","",""
"EQ_ITN","EQ_DHS","PUBLISHED","2013","AFR","NAM","","","WQ2","19.6","19.63340","","",""
"EQ_ITN","EQ_DHS","PUBLISHED","2006","AFR","NER","","URB","","37.1","37.08985","","",""
"EQ_ITN","EQ_DHS","PUBLISHED","2006","AFR","NER","EDLVL00TO05YR","","","36.0","35.96414","","",""
"EQ_ITN","EQ_DHS","PUBLISHED","2006","AFR","NER","","","WQ5","35.3","35.30961","","",""
"EQ_ITN","EQ_DHS","PUBLISHED","2012","AFR","NER","","URB","","69.9","69.90185","","",""
"EQ_ITN","EQ_DHS","PUBLISHED","2013","AFR","NGA","EDLVL00TO05YR","","","44.0","44.04697","","",""
"EQ_ITN","EQ_DHS","PUBLISHED","2013","AFR","NGA","EDLVL12PLUSYR","","","40.4","40.38809","","",""
"EQ_ITN","EQ_DHS","PUBLISHED","2013","AFR","NGA","","","WQ5","41.5","41.51967","","",""
"EQ_ITN","EQ_DHS","PUBLISHED","2006","EMR","PAK","","URB","","0.7","0.66559","","",""
"EQ_ITN","EQ_DHS","PUBLISHED","2005","AFR","RWA","","","","14.7","14.69589","","",""
"EQ_ITN","EQ_DHS","PUBLISHED","2005","AFR","RWA","","RUR","","11.8","11.77945","","",""
"EQ_ITN","EQ_DHS","PUBLISHED","2012","AFR","SEN","","","WQ4","49.8","49.83855","","",""
"EQ_ITN","EQ_MICS","PUBLISHED","2005","AFR","SLE","EDLVL00TO05YR","","","4.5","4.54762","","",""
"EQ_ITN","EQ_MICS","PUBLISHED","2005","AFR","SLE","EDLVL12PLUSYR","","","13.3","13.29608","","",""
"EQ_ITN","EQ_MICS","PUBLISHED","2005","AFR","SLE","","","WQ2","4.5","4.46766","","",""
"EQ_ITN","EQ_DHS","PUBLISHED","2008","AFR","SLE","","URB","","36.5","36.54589","","",""
"EQ_ITN","EQ_DHS","PUBLISHED","2008","AFR","SLE","EDLVL00TO05YR","","","31.8","31.77281","","",""
"EQ_ITN","EQ_DHS","PUBLISHED","2008","AFR","STP","","","WQ1","48.7","48.74283","","",""
"EQ_ITN","EQ_DHS","PUBLISHED","2010","AFR","SEN","","","","62.9","62.93257","","",""
"EQ_ITN","EQ_DHS","PUBLISHED","2010","AFR","SEN","","RUR","","73.2","73.23907","","",""
"EQ_ITN","EQ_DHS","PUBLISHED","2010","AFR","SEN","","","WQ4","50.3","50.28026","","",""
"EQ_ITN","EQ_DHS","PUBLISHED","2012","AFR","SEN","","","","72.8","72.81021","","",""
"EQ_ITN","EQ_DHS","PUBLISHED","2012","AFR","SEN","","","WQ2","77.7","77.67394","","",""
"EQ_ITN","EQ_DHS","PUBLISHED","2008","AFR","STP","EDLVL06TO11YR","","","77.7","77.69389","","",""
"EQ_ITN","EQ_DHS","PUBLISHED","2008","AFR","SLE","","","WQ5","44.3","44.32915","","",""
"EQ_ITN","EQ_DHS","PUBLISHED","2006","AFR","SWZ","EDLVL00TO05YR","","","4.9","4.85983","","",""
"EQ_ITN","EQ_MICS","PUBLISHED","2010","AFR","SLE","","URB","","32.8","32.77636","","",""
"EQ_ITN","EQ_MICS","PUBLISHED","2010","AFR","SLE","","","WQ1","26.5","26.52208","","",""
"EQ_ITN","EQ_MICS","PUBLISHED","2010","AFR","SLE","","","WQ3","34.7","34.71115","","",""
"EQ_ITN","EQ_MICS","PUBLISHED","2010","AFR","SLE","","","WQ5","34.1","34.07612","","",""
"EQ_ITN","EQ_DHS","PUBLISHED","2013","AFR","SLE","EDLVL06TO11YR","","","58.9","58.86084","","",""
"EQ_ITN","EQ_DHS","PUBLISHED","2013","AFR","SLE","","","WQ1","67.2","67.20715","","",""
"EQ_ITN","EQ_MICS","PUBLISHED","2006","AFR","SOM","","RUR","","10.2","10.16933","","",""
"EQ_ITN","EQ_MICS","PUBLISHED","2006","AFR","SOM","EDLVL06TO11YR","","","20.0","19.95251","","",""
"EQ_ITN","EQ_MICS","PUBLISHED","2006","AFR","SOM","","","WQ4","18.7","18.72763","","",""
"EQ_ITN","EQ_MICS","PUBLISHED","2006","AMR","SUR","","","","55.6","55.56393","","",""
"EQ_ITN","EQ_MICS","PUBLISHED","2006","AMR","SUR","","RUR","","55.6","55.56393","","",""
"EQ_ITN","EQ_DHS","PUBLISHED","2006","AFR","SWZ","","URB","","3.2","3.20013","","",""
"EQ_ITN","EQ_DHS","PUBLISHED","2006","AFR","SWZ","","","WQ5","3.6","3.57913","","",""
"EQ_ITN","EQ_MICS","PUBLISHED","2010","AFR","SWZ","","URB","","5.4","5.38478","","",""
"EQ_ITN","EQ_MICS","PUBLISHED","2010","AFR","SWZ","","","WQ3","7.0","6.99700","","",""
"EQ_ITN","EQ_MICS","PUBLISHED","2010","AFR","SWZ","","","WQ5","4.2","4.15924","","",""
"EQ_ITN","EQ_MICS","PUBLISHED","2006","EUR","TJK","","","WQ2","0.2","0.22411","","",""
"EQ_ITN","EQ_DHS","PUBLISHED","2006","AFR","UGA","EDLVL12PLUSYR","","","37.6","37.56350","","",""
"EQ_ITN","EQ_MICS","PUBLISHED","2006","EUR","TJK","","","WQ5","0.1","0.06922","","",""
"EQ_ITN","EQ_MICS","PUBLISHED","2010","AFR","TGO","","","","57.1","57.07082","","",""
"EQ_ITN","EQ_MICS","PUBLISHED","2010","AFR","TGO","","","WQ2","47.7","47.73459","","",""
"EQ_ITN","EQ_MICS","PUBLISHED","2010","AFR","TGO","","","WQ4","52.3","52.34131","","",""
"EQ_ITN","EQ_DHS","PUBLISHED","2006","AFR","UGA","EDLVL00TO05YR","","","19.3","19.32883","","",""
"EQ_ITN","EQ_MICS","PUBLISHED","2006","AFR","TGO","","","WQ4","44.4","44.38610","","",""
"EQ_ITN","EQ_DHS","PUBLISHED","2011","AFR","UGA","","","WQ5","65.9","65.90830","","",""
"EQ_ITN","EQ_DHS","PUBLISHED","2007","AFR","ZMB","","","WQ1","40.6","40.57772","","",""
"EQ_ITN","EQ_DHS","PUBLISHED","2005","AFR","ZWE","","RUR","","7.2","7.17229","","",""
"EQ_ITN","EQ_DHS","PUBLISHED","2005","AFR","ZWE","EDLVL06TO11YR","","","9.9","9.89447","","",""
"EQ_ITN","EQ_DHS","PUBLISHED","2005","AFR","ZWE","","","WQ4","15.1","15.10553","","",""
"EQ_ITN","EQ_MICS","PUBLISHED","2009","AFR","ZWE","","","","27.8","27.79907","","",""
"EQ_ITN","EQ_MICS","PUBLISHED","2009","AFR","ZWE","","","WQ2","23.0","23.04964","","",""
"EQ_ITN","EQ_MICS","PUBLISHED","2009","AFR","ZWE","","","WQ4","29.3","29.31640","","",""
"EQ_ITN","EQ_DHS","PUBLISHED","2010","AFR","ZWE","EDLVL12PLUSYR","","","27.1","27.06656","","",""
"EQ_ITN","EQ_DHS","PUBLISHED","2010","AFR","ZWE","","","WQ2","21.2","21.16102","","",""
"EQ_ITN","EQ_DHS","PUBLISHED","2001","AFR","ZMB","","URB","","13.6","13.60082","","",""
"EQ_ITN","EQ_DHS","PUBLISHED","2001","AFR","ZMB","","","WQ1","5.8","5.78287","","",""
"EQ_ITN","EQ_DHS","PUBLISHED","2001","AFR","ZMB","","","WQ3","12.9","12.90005","","",""
"EQ_ITN","EQ_DHS","PUBLISHED","2011","AFR","UGA","","URB","","58.7","58.71307","","",""
"EQ_ITN","EQ_DHS","PUBLISHED","2011","AFR","UGA","EDLVL00TO05YR","","","55.3","55.34447","","",""
"EQ_ITN","EQ_DHS","PUBLISHED","2005","AFR","RWA","","","WQ4","44.8","44.75883","","",""
"EQ_ITN","EQ_DHS","PUBLISHED","2010","AFR","TZA","","","WQ1","56.5","56.53406","","",""
"EQ_ITN","EQ_DHS","PUBLISHED","2010","AFR","TZA","","","WQ3","70.0","70.04877","","",""
"EQ_ITN","EQ_DHS","PUBLISHED","2009","SEAR","TLS","EDLVL06TO11YR","","","57.0","56.98776","","",""
"EQ_ITN","EQ_DHS","PUBLISHED","2009","SEAR","TLS","","","WQ1","30.0","30.04873","","",""
"EQ_ITN","EQ_MICS","PUBLISHED","2006","AFR","TGO","","","","40.4","40.40550","","",""
"EQ_ITN","EQ_MICS","PUBLISHED","2006","AFR","TGO","","RUR","","42.5","42.47552","","",""
"EQ_ITN","EQ_DHS","PUBLISHED","2007","AFR","RWA","","","","55.7","55.66223","","",""
"EQ_ITN","EQ_DHS","PUBLISHED","2007","AFR","RWA","","","WQ3","68.5","68.54526","","",""
"EQ_ITN","EQ_DHS","PUBLISHED","2007","AFR","RWA","","","WQ5","71.7","71.67275","","",""
"EQ_ITN","EQ_DHS","PUBLISHED","2010","AFR","RWA","","","WQ1","80.2","80.16767","","",""
"EQ_ITN","EQ_DHS","PUBLISHED","2010","AFR","RWA","","","WQ3","83.9","83.93782","","",""
"EQ_ITN","EQ_DHS","PUBLISHED","2007","AFR","ZMB","EDLVL06TO11YR","","","49.4","49.43111","","",""
"EQ_ITN","EQ_DHS","PUBLISHED","2008","AFR","NGA","","","","8.0","7.98171","","",""
"EQ_ITN","EQ_DHS","PUBLISHED","2008","AFR","NGA","","RUR","","7.7","7.65340","","",""
"EQ_ITN","EQ_DHS","PUBLISHED","2008","AFR","NGA","","","WQ2","6.5","6.47369","","",""
"EQ_ITN","EQ_DHS","PUBLISHED","2008","AFR","NGA","","","WQ4","7.8","7.82689","","",""
"EQ_ITN","EQ_MICS","PUBLISHED","2011","AFR","NGA","EDLVL12PLUSYR","","","37.7","37.70948","","",""
"EQ_ITN","EQ_MICS","PUBLISHED","2011","AFR","NGA","","","WQ2","38.6","38.59440","","",""
