"GHO","DATASOURCE","PUBLISHSTATE","YEAR","REGION","COUNTRY","Display Value","Numeric","Low","High","Comments"
"FINPROTECTION_CATA_ESTIMATE_AVAILABLE","FPAFG2007","PUBLISHED","2007","EMR","AFG","Yes","1.00000","","",""
"FINPROTECTION_CATA_ESTIMATE_AVAILABLE","FPAGO2008","PUBLISHED","2008","AFR","AGO","Yes","1.00000","","",""
"FINPROTECTION_CATA_ESTIMATE_AVAILABLE","FPALB2002","PUBLISHED","2002","EUR","ALB","Yes","1.00000","","",""
"FINPROTECTION_CATA_ESTIMATE_AVAILABLE","FPALB2005","PUBLISHED","2005","EUR","ALB","Yes","1.00000","","",""
"FINPROTECTION_CATA_ESTIMATE_AVAILABLE","FPALB2008","PUBLISHED","2008","EUR","ALB","Yes","1.00000","","",""
"FINPROTECTION_CATA_ESTIMATE_AVAILABLE","FPALB2012","PUBLISHED","2012","EUR","ALB","Yes","1.00000","","",""
"FINPROTECTION_CATA_ESTIMATE_AVAILABLE","FPARG1996","PUBLISHED","1996","AMR","ARG","Yes","1.00000","","",""
"FINPROTECTION_CATA_ESTIMATE_AVAILABLE","FPARG2004","PUBLISHED","2004","AMR","ARG","Yes","1.00000","","",""
"FINPROTECTION_CATA_ESTIMATE_AVAILABLE","FPARM2010","PUBLISHED","2010","EUR","ARM","Yes","1.00000","","",""
"FINPROTECTION_CATA_ESTIMATE_AVAILABLE","FPARM2011","PUBLISHED","2011","EUR","ARM","Yes","1.00000","","",""
"FINPROTECTION_CATA_ESTIMATE_AVAILABLE","FPARM2012","PUBLISHED","2012","EUR","ARM","Yes","1.00000","","",""
"FINPROTECTION_CATA_ESTIMATE_AVAILABLE","FPARM2013","PUBLISHED","2013","EUR","ARM","Yes","1.00000","","",""
"FINPROTECTION_CATA_ESTIMATE_AVAILABLE","FPAUS2010","PUBLISHED","2010","WPR","AUS","Yes","1.00000","","",""
"FINPROTECTION_CATA_ESTIMATE_AVAILABLE","FPAUT1999","PUBLISHED","1999","EUR","AUT","Yes","1.00000","","",""
"FINPROTECTION_CATA_ESTIMATE_AVAILABLE","FPAZE2002","PUBLISHED","2002","EUR","AZE","Yes","1.00000","","",""
"FINPROTECTION_CATA_ESTIMATE_AVAILABLE","FPAZE2003","PUBLISHED","2003","EUR","AZE","Yes","1.00000","","",""
"FINPROTECTION_CATA_ESTIMATE_AVAILABLE","FPAZE2004","PUBLISHED","2004","EUR","AZE","Yes","1.00000","","",""
"FINPROTECTION_CATA_ESTIMATE_AVAILABLE","FPAZE2005","PUBLISHED","2005","EUR","AZE","Yes","1.00000","","",""
"FINPROTECTION_CATA_ESTIMATE_AVAILABLE","FPBDI2006","PUBLISHED","2006","AFR","BDI","Yes","1.00000","","",""
"FINPROTECTION_CATA_ESTIMATE_AVAILABLE","FPBEL1997","PUBLISHED","1997","EUR","BEL","Yes","1.00000","","",""
"FINPROTECTION_CATA_ESTIMATE_AVAILABLE","FPBEL2010","PUBLISHED","2010","EUR","BEL","Yes","1.00000","","",""
"FINPROTECTION_CATA_ESTIMATE_AVAILABLE","FPBEN2003","PUBLISHED","2003","AFR","BEN","Yes","1.00000","","",""
"FINPROTECTION_CATA_ESTIMATE_AVAILABLE","FPBFA1998","PUBLISHED","1998","AFR","BFA","Yes","1.00000","","",""
"FINPROTECTION_CATA_ESTIMATE_AVAILABLE","FPBFA2003","PUBLISHED","2003","AFR","BFA","Yes","1.00000","","",""
"FINPROTECTION_CATA_ESTIMATE_AVAILABLE","FPBFA2009","PUBLISHED","2009","AFR","BFA","Yes","1.00000","","",""
"FINPROTECTION_CATA_ESTIMATE_AVAILABLE","FPBGD2000","PUBLISHED","2000","SEAR","BGD","Yes","1.00000","","",""
"FINPROTECTION_CATA_ESTIMATE_AVAILABLE","FPBGD2005","PUBLISHED","2005","SEAR","BGD","Yes","1.00000","","",""
"FINPROTECTION_CATA_ESTIMATE_AVAILABLE","FPBGD2010","PUBLISHED","2010","SEAR","BGD","Yes","1.00000","","",""
"FINPROTECTION_CATA_ESTIMATE_AVAILABLE","FPBGR1997","PUBLISHED","1997","EUR","BGR","Yes","1.00000","","",""
"FINPROTECTION_CATA_ESTIMATE_AVAILABLE","FPBGR2000","PUBLISHED","2000","EUR","BGR","Yes","1.00000","","",""
"FINPROTECTION_CATA_ESTIMATE_AVAILABLE","FPBGR2001","PUBLISHED","2001","EUR","BGR","Yes","1.00000","","",""
"FINPROTECTION_CATA_ESTIMATE_AVAILABLE","FPBGR2007","PUBLISHED","2007","EUR","BGR","Yes","1.00000","","",""
"FINPROTECTION_CATA_ESTIMATE_AVAILABLE","FPBGR2010","PUBLISHED","2010","EUR","BGR","Yes","1.00000","","",""
"FINPROTECTION_CATA_ESTIMATE_AVAILABLE","FPBIH2001","PUBLISHED","2001","EUR","BIH","Yes","1.00000","","",""
"FINPROTECTION_CATA_ESTIMATE_AVAILABLE","FPBIH2004","PUBLISHED","2004","EUR","BIH","Yes","1.00000","","",""
"FINPROTECTION_CATA_ESTIMATE_AVAILABLE","FPBIH2007","PUBLISHED","2007","EUR","BIH","Yes","1.00000","","",""
"FINPROTECTION_CATA_ESTIMATE_AVAILABLE","FPBIH2011","PUBLISHED","2011","EUR","BIH","Yes","1.00000","","",""
"FINPROTECTION_CATA_ESTIMATE_AVAILABLE","FPBLR1998","PUBLISHED","1998","EUR","BLR","Yes","1.00000","","",""
"FINPROTECTION_CATA_ESTIMATE_AVAILABLE","FPBLR1999","PUBLISHED","1999","EUR","BLR","Yes","1.00000","","",""
"FINPROTECTION_CATA_ESTIMATE_AVAILABLE","FPBLR2000","PUBLISHED","2000","EUR","BLR","Yes","1.00000","","",""
"FINPROTECTION_CATA_ESTIMATE_AVAILABLE","FPBLR2001","PUBLISHED","2001","EUR","BLR","Yes","1.00000","","",""
"FINPROTECTION_CATA_ESTIMATE_AVAILABLE","FPBLR2002","PUBLISHED","2002","EUR","BLR","Yes","1.00000","","",""
"FINPROTECTION_CATA_ESTIMATE_AVAILABLE","FPBLR2003","PUBLISHED","2003","EUR","BLR","Yes","1.00000","","",""
"FINPROTECTION_CATA_ESTIMATE_AVAILABLE","FPBLR2004","PUBLISHED","2004","EUR","BLR","Yes","1.00000","","",""
"FINPROTECTION_CATA_ESTIMATE_AVAILABLE","FPBLR2005","PUBLISHED","2005","EUR","BLR","Yes","1.00000","","",""
"FINPROTECTION_CATA_ESTIMATE_AVAILABLE","FPBLR2006","PUBLISHED","2006","EUR","BLR","Yes","1.00000","","",""
"FINPROTECTION_CATA_ESTIMATE_AVAILABLE","FPBLR2007","PUBLISHED","2007","EUR","BLR","Yes","1.00000","","",""
"FINPROTECTION_CATA_ESTIMATE_AVAILABLE","FPBLR2008","PUBLISHED","2008","EUR","BLR","Yes","1.00000","","",""
"FINPROTECTION_CATA_ESTIMATE_AVAILABLE","FPBLR2009","PUBLISHED","2009","EUR","BLR","Yes","1.00000","","",""
"FINPROTECTION_CATA_ESTIMATE_AVAILABLE","FPBLR2010","PUBLISHED","2010","EUR","BLR","Yes","1.00000","","",""
"FINPROTECTION_CATA_ESTIMATE_AVAILABLE","FPBLR2011","PUBLISHED","2011","EUR","BLR","Yes","1.00000","","",""
"FINPROTECTION_CATA_ESTIMATE_AVAILABLE","FPBLR2012","PUBLISHED","2012","EUR","BLR","Yes","1.00000","","",""
"FINPROTECTION_CATA_ESTIMATE_AVAILABLE","FPBOL1999","PUBLISHED","1999","AMR","BOL","Yes","1.00000","","",""
"FINPROTECTION_CATA_ESTIMATE_AVAILABLE","FPBOL2000","PUBLISHED","2000","AMR","BOL","Yes","1.00000","","",""
"FINPROTECTION_CATA_ESTIMATE_AVAILABLE","FPBOL2001","PUBLISHED","2001","AMR","BOL","Yes","1.00000","","",""
"FINPROTECTION_CATA_ESTIMATE_AVAILABLE","FPBOL2002","PUBLISHED","2002","AMR","BOL","Yes","1.00000","","",""
"FINPROTECTION_CATA_ESTIMATE_AVAILABLE","FPBRA2008","PUBLISHED","2008","AMR","BRA","Yes","1.00000","","",""
"FINPROTECTION_CATA_ESTIMATE_AVAILABLE","FPBWA1993","PUBLISHED","1993","AFR","BWA","Yes","1.00000","","",""
"FINPROTECTION_CATA_ESTIMATE_AVAILABLE","FPCAN1994","PUBLISHED","1994","AMR","CAN","Yes","1.00000","","",""
"FINPROTECTION_CATA_ESTIMATE_AVAILABLE","FPCAN2000","PUBLISHED","2000","AMR","CAN","Yes","1.00000","","",""
"FINPROTECTION_CATA_ESTIMATE_AVAILABLE","FPCAN2004","PUBLISHED","2004","AMR","CAN","Yes","1.00000","","",""
"FINPROTECTION_CATA_ESTIMATE_AVAILABLE","FPCAN2007","PUBLISHED","2007","AMR","CAN","Yes","1.00000","","",""
"FINPROTECTION_CATA_ESTIMATE_AVAILABLE","FPCAN2010","PUBLISHED","2010","AMR","CAN","Yes","1.00000","","",""
"FINPROTECTION_CATA_ESTIMATE_AVAILABLE","FPCHE2000","PUBLISHED","2000","EUR","CHE","Yes","1.00000","","",""
"FINPROTECTION_CATA_ESTIMATE_AVAILABLE","FPCHE2002","PUBLISHED","2002","EUR","CHE","Yes","1.00000","","",""
"FINPROTECTION_CATA_ESTIMATE_AVAILABLE","FPCHE2004","PUBLISHED","2004","EUR","CHE","Yes","1.00000","","",""
"FINPROTECTION_CATA_ESTIMATE_AVAILABLE","FPCHL1997","PUBLISHED","1997","AMR","CHL","Yes","1.00000","","",""
"FINPROTECTION_CATA_ESTIMATE_AVAILABLE","FPCHL2006","PUBLISHED","2006","AMR","CHL","Yes","1.00000","","",""
"FINPROTECTION_CATA_ESTIMATE_AVAILABLE","FPCHN1995","PUBLISHED","1995","WPR","CHN","Yes","1.00000","","",""
"FINPROTECTION_CATA_ESTIMATE_AVAILABLE","FPCHN2000","PUBLISHED","2000","WPR","CHN","Yes","1.00000","","",""
"FINPROTECTION_CATA_ESTIMATE_AVAILABLE","FPCHN2002","PUBLISHED","2002","WPR","CHN","Yes","1.00000","","",""
"FINPROTECTION_CATA_ESTIMATE_AVAILABLE","FPCHN2007","PUBLISHED","2007","WPR","CHN","Yes","1.00000","","",""
"FINPROTECTION_CATA_ESTIMATE_AVAILABLE","FPCIV1998","PUBLISHED","1998","AFR","CIV","Yes","1.00000","","",""
"FINPROTECTION_CATA_ESTIMATE_AVAILABLE","FPCIV2002","PUBLISHED","2002","AFR","CIV","Yes","1.00000","","",""
"FINPROTECTION_CATA_ESTIMATE_AVAILABLE","FPCIV2008","PUBLISHED","2008","AFR","CIV","Yes","1.00000","","",""
"FINPROTECTION_CATA_ESTIMATE_AVAILABLE","FPCMR1996","PUBLISHED","1996","AFR","CMR","Yes","1.00000","","",""
"FINPROTECTION_CATA_ESTIMATE_AVAILABLE","FPCMR2001","PUBLISHED","2001","AFR","CMR","Yes","1.00000","","",""
"FINPROTECTION_CATA_ESTIMATE_AVAILABLE","FPCMR2007","PUBLISHED","2007","AFR","CMR","Yes","1.00000","","",""
"FINPROTECTION_CATA_ESTIMATE_AVAILABLE","FPCMR2014","PUBLISHED","2014","AFR","CMR","Yes","1.00000","","",""
"FINPROTECTION_CATA_ESTIMATE_AVAILABLE","FPCOD2004","PUBLISHED","2004","AFR","COD","Yes","1.00000","","",""
"FINPROTECTION_CATA_ESTIMATE_AVAILABLE","FPCOG2005","PUBLISHED","2005","AFR","COG","Yes","1.00000","","",""
"FINPROTECTION_CATA_ESTIMATE_AVAILABLE","FPCOG2011","PUBLISHED","2011","AFR","COG","Yes","1.00000","","",""
"FINPROTECTION_CATA_ESTIMATE_AVAILABLE","FPCOL1997","PUBLISHED","1997","AMR","COL","Yes","1.00000","","",""
"FINPROTECTION_CATA_ESTIMATE_AVAILABLE","FPCOL2008","PUBLISHED","2008","AMR","COL","Yes","1.00000","","",""
"FINPROTECTION_CATA_ESTIMATE_AVAILABLE","FPCOL2010","PUBLISHED","2010","AMR","COL","Yes","1.00000","","",""
"FINPROTECTION_CATA_ESTIMATE_AVAILABLE","FPCPV2001","PUBLISHED","2001","AFR","CPV","Yes","1.00000","","",""
"FINPROTECTION_CATA_ESTIMATE_AVAILABLE","FPCPV2007","PUBLISHED","2007","AFR","CPV","Yes","1.00000","","",""
"FINPROTECTION_CATA_ESTIMATE_AVAILABLE","FPCRI1992","PUBLISHED","1992","AMR","CRI","Yes","1.00000","","",""
"FINPROTECTION_CATA_ESTIMATE_AVAILABLE","FPCRI2004","PUBLISHED","2004","AMR","CRI","Yes","1.00000","","",""
"FINPROTECTION_CATA_ESTIMATE_AVAILABLE","FPCRI2012","PUBLISHED","2012","AMR","CRI","Yes","1.00000","","",""
"FINPROTECTION_CATA_ESTIMATE_AVAILABLE","FPCYP2010","PUBLISHED","2010","EUR","CYP","Yes","1.00000","","",""
"FINPROTECTION_CATA_ESTIMATE_AVAILABLE","FPCZE1999","PUBLISHED","1999","EUR","CZE","Yes","1.00000","","",""
"FINPROTECTION_CATA_ESTIMATE_AVAILABLE","FPCZE2010","PUBLISHED","2010","EUR","CZE","Yes","1.00000","","",""
"FINPROTECTION_CATA_ESTIMATE_AVAILABLE","FPDEU1993","PUBLISHED","1993","EUR","DEU","Yes","1.00000","","",""
"FINPROTECTION_CATA_ESTIMATE_AVAILABLE","FPDJI1996","PUBLISHED","1996","EMR","DJI","Yes","1.00000","","",""
"FINPROTECTION_CATA_ESTIMATE_AVAILABLE","FPDNK1997","PUBLISHED","1997","EUR","DNK","Yes","1.00000","","",""
"FINPROTECTION_CATA_ESTIMATE_AVAILABLE","FPDNK2010","PUBLISHED","2010","EUR","DNK","Yes","1.00000","","",""
"FINPROTECTION_CATA_ESTIMATE_AVAILABLE","FPDOM2007","PUBLISHED","2007","AMR","DOM","Yes","1.00000","","",""
"FINPROTECTION_CATA_ESTIMATE_AVAILABLE","FPECU1998","PUBLISHED","1998","AMR","ECU","Yes","1.00000","","",""
"FINPROTECTION_CATA_ESTIMATE_AVAILABLE","FPEGY1997","PUBLISHED","1997","EMR","EGY","Yes","1.00000","","",""
"FINPROTECTION_CATA_ESTIMATE_AVAILABLE","FPEGY2008","PUBLISHED","2008","EMR","EGY","Yes","1.00000","","",""
"FINPROTECTION_CATA_ESTIMATE_AVAILABLE","FPEGY2012","PUBLISHED","2012","EMR","EGY","Yes","1.00000","","",""
"FINPROTECTION_CATA_ESTIMATE_AVAILABLE","FPESP1985","PUBLISHED","1985","EUR","ESP","Yes","1.00000","","",""
"FINPROTECTION_CATA_ESTIMATE_AVAILABLE","FPESP1996","PUBLISHED","1996","EUR","ESP","Yes","1.00000","","",""
"FINPROTECTION_CATA_ESTIMATE_AVAILABLE","FPESP2010","PUBLISHED","2010","EUR","ESP","Yes","1.00000","","",""
"FINPROTECTION_CATA_ESTIMATE_AVAILABLE","FPEST1995","PUBLISHED","1995","EUR","EST","Yes","1.00000","","",""
"FINPROTECTION_CATA_ESTIMATE_AVAILABLE","FPEST2000","PUBLISHED","2000","EUR","EST","Yes","1.00000","","",""
"FINPROTECTION_CATA_ESTIMATE_AVAILABLE","FPEST2001","PUBLISHED","2001","EUR","EST","Yes","1.00000","","",""
"FINPROTECTION_CATA_ESTIMATE_AVAILABLE","FPEST2002","PUBLISHED","2002","EUR","EST","Yes","1.00000","","",""
"FINPROTECTION_CATA_ESTIMATE_AVAILABLE","FPEST2003","PUBLISHED","2003","EUR","EST","Yes","1.00000","","",""
"FINPROTECTION_CATA_ESTIMATE_AVAILABLE","FPEST2004","PUBLISHED","2004","EUR","EST","Yes","1.00000","","",""
"FINPROTECTION_CATA_ESTIMATE_AVAILABLE","FPEST2005","PUBLISHED","2005","EUR","EST","Yes","1.00000","","",""
"FINPROTECTION_CATA_ESTIMATE_AVAILABLE","FPEST2006","PUBLISHED","2006","EUR","EST","Yes","1.00000","","",""
"FINPROTECTION_CATA_ESTIMATE_AVAILABLE","FPEST2007","PUBLISHED","2007","EUR","EST","Yes","1.00000","","",""
"FINPROTECTION_CATA_ESTIMATE_AVAILABLE","FPEST2010","PUBLISHED","2010","EUR","EST","Yes","1.00000","","",""
"FINPROTECTION_CATA_ESTIMATE_AVAILABLE","FPETH1999","PUBLISHED","1999","AFR","ETH","Yes","1.00000","","",""
"FINPROTECTION_CATA_ESTIMATE_AVAILABLE","FPETH2004","PUBLISHED","2004","AFR","ETH","Yes","1.00000","","",""
"FINPROTECTION_CATA_ESTIMATE_AVAILABLE","FPFIN1998","PUBLISHED","1998","EUR","FIN","Yes","1.00000","","",""
"FINPROTECTION_CATA_ESTIMATE_AVAILABLE","FPFIN2010","PUBLISHED","2010","EUR","FIN","Yes","1.00000","","",""
"FINPROTECTION_CATA_ESTIMATE_AVAILABLE","FPFJI2002","PUBLISHED","2002","WPR","FJI","Yes","1.00000","","",""
"FINPROTECTION_CATA_ESTIMATE_AVAILABLE","FPGAB2005","PUBLISHED","2005","AFR","GAB","Yes","1.00000","","",""
"FINPROTECTION_CATA_ESTIMATE_AVAILABLE","FPGBR1995","PUBLISHED","1995","EUR","GBR","Yes","1.00000","","",""
"FINPROTECTION_CATA_ESTIMATE_AVAILABLE","FPGBR1999","PUBLISHED","1999","EUR","GBR","Yes","1.00000","","",""
"FINPROTECTION_CATA_ESTIMATE_AVAILABLE","FPGBR2000","PUBLISHED","2000","EUR","GBR","Yes","1.00000","","",""
"FINPROTECTION_CATA_ESTIMATE_AVAILABLE","FPGBR2005","PUBLISHED","2005","EUR","GBR","Yes","1.00000","","",""
"FINPROTECTION_CATA_ESTIMATE_AVAILABLE","FPGBR2010","PUBLISHED","2010","EUR","GBR","Yes","1.00000","","",""
"FINPROTECTION_CATA_ESTIMATE_AVAILABLE","FPGBR2013","PUBLISHED","2013","EUR","GBR","Yes","1.00000","","",""
"FINPROTECTION_CATA_ESTIMATE_AVAILABLE","FPGEO1997","PUBLISHED","1997","EUR","GEO","Yes","1.00000","","",""
"FINPROTECTION_CATA_ESTIMATE_AVAILABLE","FPGEO1998","PUBLISHED","1998","EUR","GEO","Yes","1.00000","","",""
"FINPROTECTION_CATA_ESTIMATE_AVAILABLE","FPGEO1999","PUBLISHED","1999","EUR","GEO","Yes","1.00000","","",""
"FINPROTECTION_CATA_ESTIMATE_AVAILABLE","FPGEO2000","PUBLISHED","2000","EUR","GEO","Yes","1.00000","","",""
"FINPROTECTION_CATA_ESTIMATE_AVAILABLE","FPGEO2001","PUBLISHED","2001","EUR","GEO","Yes","1.00000","","",""
"FINPROTECTION_CATA_ESTIMATE_AVAILABLE","FPGEO2002","PUBLISHED","2002","EUR","GEO","Yes","1.00000","","",""
"FINPROTECTION_CATA_ESTIMATE_AVAILABLE","FPGEO2003","PUBLISHED","2003","EUR","GEO","Yes","1.00000","","",""
"FINPROTECTION_CATA_ESTIMATE_AVAILABLE","FPGEO2004","PUBLISHED","2004","EUR","GEO","Yes","1.00000","","",""
"FINPROTECTION_CATA_ESTIMATE_AVAILABLE","FPGEO2005","PUBLISHED","2005","EUR","GEO","Yes","1.00000","","",""
"FINPROTECTION_CATA_ESTIMATE_AVAILABLE","FPGEO2006","PUBLISHED","2006","EUR","GEO","Yes","1.00000","","",""
"FINPROTECTION_CATA_ESTIMATE_AVAILABLE","FPGEO2007","PUBLISHED","2007","EUR","GEO","Yes","1.00000","","",""
"FINPROTECTION_CATA_ESTIMATE_AVAILABLE","FPGEO2008","PUBLISHED","2008","EUR","GEO","Yes","1.00000","","",""
"FINPROTECTION_CATA_ESTIMATE_AVAILABLE","FPGEO2009","PUBLISHED","2009","EUR","GEO","Yes","1.00000","","",""
"FINPROTECTION_CATA_ESTIMATE_AVAILABLE","FPGEO2010","PUBLISHED","2010","EUR","GEO","Yes","1.00000","","",""
"FINPROTECTION_CATA_ESTIMATE_AVAILABLE","FPGEO2011","PUBLISHED","2011","EUR","GEO","Yes","1.00000","","",""
"FINPROTECTION_CATA_ESTIMATE_AVAILABLE","FPGEO2012","PUBLISHED","2012","EUR","GEO","Yes","1.00000","","",""
"FINPROTECTION_CATA_ESTIMATE_AVAILABLE","FPGEO2013","PUBLISHED","2013","EUR","GEO","Yes","1.00000","","",""
"FINPROTECTION_CATA_ESTIMATE_AVAILABLE","FPGHA1991","PUBLISHED","1991","AFR","GHA","Yes","1.00000","","",""
"FINPROTECTION_CATA_ESTIMATE_AVAILABLE","FPGHA1998","PUBLISHED","1998","AFR","GHA","Yes","1.00000","","",""
"FINPROTECTION_CATA_ESTIMATE_AVAILABLE","FPGHA2005","PUBLISHED","2005","AFR","GHA","Yes","1.00000","","",""
"FINPROTECTION_CATA_ESTIMATE_AVAILABLE","FPGIN2002","PUBLISHED","2002","AFR","GIN","Yes","1.00000","","",""
"FINPROTECTION_CATA_ESTIMATE_AVAILABLE","FPGIN2007","PUBLISHED","2007","AFR","GIN","Yes","1.00000","","",""
"FINPROTECTION_CATA_ESTIMATE_AVAILABLE","FPGIN2012","PUBLISHED","2012","AFR","GIN","Yes","1.00000","","",""
"FINPROTECTION_CATA_ESTIMATE_AVAILABLE","FPGRC1998","PUBLISHED","1998","EUR","GRC","Yes","1.00000","","",""
"FINPROTECTION_CATA_ESTIMATE_AVAILABLE","FPGRC2010","PUBLISHED","2010","EUR","GRC","Yes","1.00000","","",""
"FINPROTECTION_CATA_ESTIMATE_AVAILABLE","FPGTM2000","PUBLISHED","2000","AMR","GTM","Yes","1.00000","","",""
"FINPROTECTION_CATA_ESTIMATE_AVAILABLE","FPGTM2006","PUBLISHED","2006","AMR","GTM","Yes","1.00000","","",""
"FINPROTECTION_CATA_ESTIMATE_AVAILABLE","FPGTM2011","PUBLISHED","2011","AMR","GTM","Yes","1.00000","","",""
"FINPROTECTION_CATA_ESTIMATE_AVAILABLE","FPGTM2014","PUBLISHED","2014","AMR","GTM","Yes","1.00000","","",""
"FINPROTECTION_CATA_ESTIMATE_AVAILABLE","FPHND1998","PUBLISHED","1998","AMR","HND","Yes","1.00000","","",""
"FINPROTECTION_CATA_ESTIMATE_AVAILABLE","FPHRV1998","PUBLISHED","1998","EUR","HRV","Yes","1.00000","","",""
"FINPROTECTION_CATA_ESTIMATE_AVAILABLE","FPHRV2004","PUBLISHED","2004","EUR","HRV","Yes","1.00000","","",""
"FINPROTECTION_CATA_ESTIMATE_AVAILABLE","FPHRV2008","PUBLISHED","2008","EUR","HRV","Yes","1.00000","","",""
"FINPROTECTION_CATA_ESTIMATE_AVAILABLE","FPHRV2010","PUBLISHED","2010","EUR","HRV","Yes","1.00000","","",""
"FINPROTECTION_CATA_ESTIMATE_AVAILABLE","FPHUN1998","PUBLISHED","1998","EUR","HUN","Yes","1.00000","","",""
"FINPROTECTION_CATA_ESTIMATE_AVAILABLE","FPHUN1999","PUBLISHED","1999","EUR","HUN","Yes","1.00000","","",""
"FINPROTECTION_CATA_ESTIMATE_AVAILABLE","FPHUN2000","PUBLISHED","2000","EUR","HUN","Yes","1.00000","","",""
"FINPROTECTION_CATA_ESTIMATE_AVAILABLE","FPHUN2001","PUBLISHED","2001","EUR","HUN","Yes","1.00000","","",""
"FINPROTECTION_CATA_ESTIMATE_AVAILABLE","FPHUN2002","PUBLISHED","2002","EUR","HUN","Yes","1.00000","","",""
"FINPROTECTION_CATA_ESTIMATE_AVAILABLE","FPHUN2003","PUBLISHED","2003","EUR","HUN","Yes","1.00000","","",""
"FINPROTECTION_CATA_ESTIMATE_AVAILABLE","FPHUN2004","PUBLISHED","2004","EUR","HUN","Yes","1.00000","","",""
"FINPROTECTION_CATA_ESTIMATE_AVAILABLE","FPHUN2005","PUBLISHED","2005","EUR","HUN","Yes","1.00000","","",""
"FINPROTECTION_CATA_ESTIMATE_AVAILABLE","FPHUN2006","PUBLISHED","2006","EUR","HUN","Yes","1.00000","","",""
"FINPROTECTION_CATA_ESTIMATE_AVAILABLE","FPHUN2007","PUBLISHED","2007","EUR","HUN","Yes","1.00000","","",""
"FINPROTECTION_CATA_ESTIMATE_AVAILABLE","FPHUN2010","PUBLISHED","2010","EUR","HUN","Yes","1.00000","","",""
"FINPROTECTION_CATA_ESTIMATE_AVAILABLE","FPIDN2001","PUBLISHED","2001","SEAR","IDN","Yes","1.00000","","",""
"FINPROTECTION_CATA_ESTIMATE_AVAILABLE","FPIDN2002","PUBLISHED","2002","SEAR","IDN","Yes","1.00000","","",""
"FINPROTECTION_CATA_ESTIMATE_AVAILABLE","FPIDN2003","PUBLISHED","2003","SEAR","IDN","Yes","1.00000","","",""
"FINPROTECTION_CATA_ESTIMATE_AVAILABLE","FPIDN2004","PUBLISHED","2004","SEAR","IDN","Yes","1.00000","","",""
"FINPROTECTION_CATA_ESTIMATE_AVAILABLE","FPIDN2005","PUBLISHED","2005","SEAR","IDN","Yes","1.00000","","",""
"FINPROTECTION_CATA_ESTIMATE_AVAILABLE","FPIDN2006","PUBLISHED","2006","SEAR","IDN","Yes","1.00000","","",""
"FINPROTECTION_CATA_ESTIMATE_AVAILABLE","FPIDN2007","PUBLISHED","2007","SEAR","IDN","Yes","1.00000","","",""
"FINPROTECTION_CATA_ESTIMATE_AVAILABLE","FPIDN2009","PUBLISHED","2009","SEAR","IDN","Yes","1.00000","","",""
"FINPROTECTION_CATA_ESTIMATE_AVAILABLE","FPIDN2010","PUBLISHED","2010","SEAR","IDN","Yes","1.00000","","",""
"FINPROTECTION_CATA_ESTIMATE_AVAILABLE","FPIDN2011","PUBLISHED","2011","SEAR","IDN","Yes","1.00000","","",""
"FINPROTECTION_CATA_ESTIMATE_AVAILABLE","FPIDN2012","PUBLISHED","2012","SEAR","IDN","Yes","1.00000","","",""
"FINPROTECTION_CATA_ESTIMATE_AVAILABLE","FPIDN2013","PUBLISHED","2013","SEAR","IDN","Yes","1.00000","","",""
"FINPROTECTION_CATA_ESTIMATE_AVAILABLE","FPIDN2014","PUBLISHED","2014","SEAR","IDN","Yes","1.00000","","",""
"FINPROTECTION_CATA_ESTIMATE_AVAILABLE","FPIDN2015","PUBLISHED","2015","SEAR","IDN","Yes","1.00000","","",""
"FINPROTECTION_CATA_ESTIMATE_AVAILABLE","FPIND2004","PUBLISHED","2004","SEAR","IND","Yes","1.00000","","",""
"FINPROTECTION_CATA_ESTIMATE_AVAILABLE","FPIND2009","PUBLISHED","2009","SEAR","IND","Yes","1.00000","","",""
"FINPROTECTION_CATA_ESTIMATE_AVAILABLE","FPIND2011","PUBLISHED","2011","SEAR","IND","Yes","1.00000","","",""
"FINPROTECTION_CATA_ESTIMATE_AVAILABLE","FPIRL1999","PUBLISHED","1999","EUR","IRL","Yes","1.00000","","",""
"FINPROTECTION_CATA_ESTIMATE_AVAILABLE","FPIRL2009","PUBLISHED","2009","EUR","IRL","Yes","1.00000","","",""
"FINPROTECTION_CATA_ESTIMATE_AVAILABLE","FPIRL2010","PUBLISHED","2010","EUR","IRL","Yes","1.00000","","",""
"FINPROTECTION_CATA_ESTIMATE_AVAILABLE","FPIRN2005","PUBLISHED","2005","EMR","IRN","Yes","1.00000","","",""
"FINPROTECTION_CATA_ESTIMATE_AVAILABLE","FPIRN2006","PUBLISHED","2006","EMR","IRN","Yes","1.00000","","",""
"FINPROTECTION_CATA_ESTIMATE_AVAILABLE","FPIRN2007","PUBLISHED","2007","EMR","IRN","Yes","1.00000","","",""
"FINPROTECTION_CATA_ESTIMATE_AVAILABLE","FPIRN2008","PUBLISHED","2008","EMR","IRN","Yes","1.00000","","",""
"FINPROTECTION_CATA_ESTIMATE_AVAILABLE","FPIRN2009","PUBLISHED","2009","EMR","IRN","Yes","1.00000","","",""
"FINPROTECTION_CATA_ESTIMATE_AVAILABLE","FPIRN2010","PUBLISHED","2010","EMR","IRN","Yes","1.00000","","",""
"FINPROTECTION_CATA_ESTIMATE_AVAILABLE","FPIRN2011","PUBLISHED","2011","EMR","IRN","Yes","1.00000","","",""
"FINPROTECTION_CATA_ESTIMATE_AVAILABLE","FPIRN2012","PUBLISHED","2012","EMR","IRN","Yes","1.00000","","",""
"FINPROTECTION_CATA_ESTIMATE_AVAILABLE","FPIRN2013","PUBLISHED","2013","EMR","IRN","Yes","1.00000","","",""
"FINPROTECTION_CATA_ESTIMATE_AVAILABLE","FPISL1995","PUBLISHED","1995","EUR","ISL","Yes","1.00000","","",""
"FINPROTECTION_CATA_ESTIMATE_AVAILABLE","FPISR1997","PUBLISHED","1997","EUR","ISR","Yes","1.00000","","",""
"FINPROTECTION_CATA_ESTIMATE_AVAILABLE","FPISR1999","PUBLISHED","1999","EUR","ISR","Yes","1.00000","","",""
"FINPROTECTION_CATA_ESTIMATE_AVAILABLE","FPISR2001","PUBLISHED","2001","EUR","ISR","Yes","1.00000","","",""
"FINPROTECTION_CATA_ESTIMATE_AVAILABLE","FPISR2005","PUBLISHED","2005","EUR","ISR","Yes","1.00000","","",""
"FINPROTECTION_CATA_ESTIMATE_AVAILABLE","FPISR2007","PUBLISHED","2007","EUR","ISR","Yes","1.00000","","",""
"FINPROTECTION_CATA_ESTIMATE_AVAILABLE","FPISR2010","PUBLISHED","2010","EUR","ISR","Yes","1.00000","","",""
"FINPROTECTION_CATA_ESTIMATE_AVAILABLE","FPISR2012","PUBLISHED","2012","EUR","ISR","Yes","1.00000","","",""
"FINPROTECTION_CATA_ESTIMATE_AVAILABLE","FPITA2001","PUBLISHED","2001","EUR","ITA","Yes","1.00000","","",""
"FINPROTECTION_CATA_ESTIMATE_AVAILABLE","FPITA2010","PUBLISHED","2010","EUR","ITA","Yes","1.00000","","",""
"FINPROTECTION_CATA_ESTIMATE_AVAILABLE","FPJAM1991","PUBLISHED","1991","AMR","JAM","Yes","1.00000","","",""
"FINPROTECTION_CATA_ESTIMATE_AVAILABLE","FPJAM1992","PUBLISHED","1992","AMR","JAM","Yes","1.00000","","",""
"FINPROTECTION_CATA_ESTIMATE_AVAILABLE","FPJAM1993","PUBLISHED","1993","AMR","JAM","Yes","1.00000","","",""
"FINPROTECTION_CATA_ESTIMATE_AVAILABLE","FPJAM1994","PUBLISHED","1994","AMR","JAM","Yes","1.00000","","",""
"FINPROTECTION_CATA_ESTIMATE_AVAILABLE","FPJAM1995","PUBLISHED","1995","AMR","JAM","Yes","1.00000","","",""
"FINPROTECTION_CATA_ESTIMATE_AVAILABLE","FPJAM1996","PUBLISHED","1996","AMR","JAM","Yes","1.00000","","",""
"FINPROTECTION_CATA_ESTIMATE_AVAILABLE","FPJAM1997","PUBLISHED","1997","AMR","JAM","Yes","1.00000","","",""
"FINPROTECTION_CATA_ESTIMATE_AVAILABLE","FPJAM2002","PUBLISHED","2002","AMR","JAM","Yes","1.00000","","",""
"FINPROTECTION_CATA_ESTIMATE_AVAILABLE","FPJAM2003","PUBLISHED","2003","AMR","JAM","Yes","1.00000","","",""
"FINPROTECTION_CATA_ESTIMATE_AVAILABLE","FPJAM2004","PUBLISHED","2004","AMR","JAM","Yes","1.00000","","",""
"FINPROTECTION_CATA_ESTIMATE_AVAILABLE","FPJOR2002","PUBLISHED","2002","EMR","JOR","Yes","1.00000","","",""
"FINPROTECTION_CATA_ESTIMATE_AVAILABLE","FPJOR2006","PUBLISHED","2006","EMR","JOR","Yes","1.00000","","",""
"FINPROTECTION_CATA_ESTIMATE_AVAILABLE","FPJPN2008","PUBLISHED","2008","WPR","JPN","Yes","1.00000","","",""
"FINPROTECTION_CATA_ESTIMATE_AVAILABLE","FPKAZ1996","PUBLISHED","1996","EUR","KAZ","Yes","1.00000","","",""
"FINPROTECTION_CATA_ESTIMATE_AVAILABLE","FPKAZ2001","PUBLISHED","2001","EUR","KAZ","Yes","1.00000","","",""
"FINPROTECTION_CATA_ESTIMATE_AVAILABLE","FPKAZ2002","PUBLISHED","2002","EUR","KAZ","Yes","1.00000","","",""
"FINPROTECTION_CATA_ESTIMATE_AVAILABLE","FPKAZ2003","PUBLISHED","2003","EUR","KAZ","Yes","1.00000","","",""
"FINPROTECTION_CATA_ESTIMATE_AVAILABLE","FPKAZ2004","PUBLISHED","2004","EUR","KAZ","Yes","1.00000","","",""
"FINPROTECTION_CATA_ESTIMATE_AVAILABLE","FPKAZ2005","PUBLISHED","2005","EUR","KAZ","Yes","1.00000","","",""
"FINPROTECTION_CATA_ESTIMATE_AVAILABLE","FPKAZ2006","PUBLISHED","2006","EUR","KAZ","Yes","1.00000","","",""
"FINPROTECTION_CATA_ESTIMATE_AVAILABLE","FPKAZ2007","PUBLISHED","2007","EUR","KAZ","Yes","1.00000","","",""
"FINPROTECTION_CATA_ESTIMATE_AVAILABLE","FPKAZ2008","PUBLISHED","2008","EUR","KAZ","Yes","1.00000","","",""
"FINPROTECTION_CATA_ESTIMATE_AVAILABLE","FPKAZ2009","PUBLISHED","2009","EUR","KAZ","Yes","1.00000","","",""
"FINPROTECTION_CATA_ESTIMATE_AVAILABLE","FPKAZ2010","PUBLISHED","2010","EUR","KAZ","Yes","1.00000","","",""
"FINPROTECTION_CATA_ESTIMATE_AVAILABLE","FPKAZ2011","PUBLISHED","2011","EUR","KAZ","Yes","1.00000","","",""
"FINPROTECTION_CATA_ESTIMATE_AVAILABLE","FPKAZ2012","PUBLISHED","2012","EUR","KAZ","Yes","1.00000","","",""
"FINPROTECTION_CATA_ESTIMATE_AVAILABLE","FPKAZ2013","PUBLISHED","2013","EUR","KAZ","Yes","1.00000","","",""
"FINPROTECTION_CATA_ESTIMATE_AVAILABLE","FPKEN1997","PUBLISHED","1997","AFR","KEN","Yes","1.00000","","",""
"FINPROTECTION_CATA_ESTIMATE_AVAILABLE","FPKEN2005","PUBLISHED","2005","AFR","KEN","Yes","1.00000","","",""
"FINPROTECTION_CATA_ESTIMATE_AVAILABLE","FPKGZ2005","PUBLISHED","2005","EUR","KGZ","Yes","1.00000","","",""
"FINPROTECTION_CATA_ESTIMATE_AVAILABLE","FPKGZ2006","PUBLISHED","2006","EUR","KGZ","Yes","1.00000","","",""
"FINPROTECTION_CATA_ESTIMATE_AVAILABLE","FPKGZ2007","PUBLISHED","2007","EUR","KGZ","Yes","1.00000","","",""
"FINPROTECTION_CATA_ESTIMATE_AVAILABLE","FPKGZ2008","PUBLISHED","2008","EUR","KGZ","Yes","1.00000","","",""
"FINPROTECTION_CATA_ESTIMATE_AVAILABLE","FPKGZ2009","PUBLISHED","2009","EUR","KGZ","Yes","1.00000","","",""
"FINPROTECTION_CATA_ESTIMATE_AVAILABLE","FPKGZ2010","PUBLISHED","2010","EUR","KGZ","Yes","1.00000","","",""
"FINPROTECTION_CATA_ESTIMATE_AVAILABLE","FPKGZ2011","PUBLISHED","2011","EUR","KGZ","Yes","1.00000","","",""
"FINPROTECTION_CATA_ESTIMATE_AVAILABLE","FPKOR1999","PUBLISHED","1999","WPR","KOR","Yes","1.00000","","",""
"FINPROTECTION_CATA_ESTIMATE_AVAILABLE","FPKOR2003","PUBLISHED","2003","WPR","KOR","Yes","1.00000","","",""
"FINPROTECTION_CATA_ESTIMATE_AVAILABLE","FPKOR2004","PUBLISHED","2004","WPR","KOR","Yes","1.00000","","",""
"FINPROTECTION_CATA_ESTIMATE_AVAILABLE","FPKOR2005","PUBLISHED","2005","WPR","KOR","Yes","1.00000","","",""
"FINPROTECTION_CATA_ESTIMATE_AVAILABLE","FPKOR2006","PUBLISHED","2006","WPR","KOR","Yes","1.00000","","",""
"FINPROTECTION_CATA_ESTIMATE_AVAILABLE","FPKOR2007","PUBLISHED","2007","WPR","KOR","Yes","1.00000","","",""
"FINPROTECTION_CATA_ESTIMATE_AVAILABLE","FPKOR2008","PUBLISHED","2008","WPR","KOR","Yes","1.00000","","",""
"FINPROTECTION_CATA_ESTIMATE_AVAILABLE","FPLAO2002","PUBLISHED","2002","WPR","LAO","Yes","1.00000","","",""
"FINPROTECTION_CATA_ESTIMATE_AVAILABLE","FPLAO2007","PUBLISHED","2007","WPR","LAO","Yes","1.00000","","",""
"FINPROTECTION_CATA_ESTIMATE_AVAILABLE","FPLBN1999","PUBLISHED","1999","EMR","LBN","Yes","1.00000","","",""
"FINPROTECTION_CATA_ESTIMATE_AVAILABLE","FPLBR2007","PUBLISHED","2007","AFR","LBR","Yes","1.00000","","",""
"FINPROTECTION_CATA_ESTIMATE_AVAILABLE","FPLKA1995","PUBLISHED","1995","SEAR","LKA","Yes","1.00000","","",""
"FINPROTECTION_CATA_ESTIMATE_AVAILABLE","FPLKA2002","PUBLISHED","2002","SEAR","LKA","Yes","1.00000","","",""
"FINPROTECTION_CATA_ESTIMATE_AVAILABLE","FPLKA2009","PUBLISHED","2009","SEAR","LKA","Yes","1.00000","","",""
"FINPROTECTION_CATA_ESTIMATE_AVAILABLE","FPLSO2002","PUBLISHED","2002","AFR","LSO","Yes","1.00000","","",""
"FINPROTECTION_CATA_ESTIMATE_AVAILABLE","FPLTU1998","PUBLISHED","1998","EUR","LTU","Yes","1.00000","","",""
"FINPROTECTION_CATA_ESTIMATE_AVAILABLE","FPLTU1999","PUBLISHED","1999","EUR","LTU","Yes","1.00000","","",""
"FINPROTECTION_CATA_ESTIMATE_AVAILABLE","FPLTU2000","PUBLISHED","2000","EUR","LTU","Yes","1.00000","","",""
"FINPROTECTION_CATA_ESTIMATE_AVAILABLE","FPLTU2001","PUBLISHED","2001","EUR","LTU","Yes","1.00000","","",""
"FINPROTECTION_CATA_ESTIMATE_AVAILABLE","FPLTU2002","PUBLISHED","2002","EUR","LTU","Yes","1.00000","","",""
"FINPROTECTION_CATA_ESTIMATE_AVAILABLE","FPLTU2003","PUBLISHED","2003","EUR","LTU","Yes","1.00000","","",""
"FINPROTECTION_CATA_ESTIMATE_AVAILABLE","FPLTU2004","PUBLISHED","2004","EUR","LTU","Yes","1.00000","","",""
"FINPROTECTION_CATA_ESTIMATE_AVAILABLE","FPLTU2008","PUBLISHED","2008","EUR","LTU","Yes","1.00000","","",""
"FINPROTECTION_CATA_ESTIMATE_AVAILABLE","FPLTU2010","PUBLISHED","2010","EUR","LTU","Yes","1.00000","","",""
"FINPROTECTION_CATA_ESTIMATE_AVAILABLE","FPLUX1998","PUBLISHED","1998","EUR","LUX","Yes","1.00000","","",""
"FINPROTECTION_CATA_ESTIMATE_AVAILABLE","FPLUX2010","PUBLISHED","2010","EUR","LUX","Yes","1.00000","","",""
"FINPROTECTION_CATA_ESTIMATE_AVAILABLE","FPLVA2002","PUBLISHED","2002","EUR","LVA","Yes","1.00000","","",""
"FINPROTECTION_CATA_ESTIMATE_AVAILABLE","FPLVA2003","PUBLISHED","2003","EUR","LVA","Yes","1.00000","","",""
"FINPROTECTION_CATA_ESTIMATE_AVAILABLE","FPLVA2004","PUBLISHED","2004","EUR","LVA","Yes","1.00000","","",""
"FINPROTECTION_CATA_ESTIMATE_AVAILABLE","FPLVA2005","PUBLISHED","2005","EUR","LVA","Yes","1.00000","","",""
"FINPROTECTION_CATA_ESTIMATE_AVAILABLE","FPLVA2006","PUBLISHED","2006","EUR","LVA","Yes","1.00000","","",""
"FINPROTECTION_CATA_ESTIMATE_AVAILABLE","FPMAR1998","PUBLISHED","1998","EMR","MAR","Yes","1.00000","","",""
"FINPROTECTION_CATA_ESTIMATE_AVAILABLE","FPMAR2000","PUBLISHED","2000","EMR","MAR","Yes","1.00000","","",""
"FINPROTECTION_CATA_ESTIMATE_AVAILABLE","FPMAR2006","PUBLISHED","2006","EMR","MAR","Yes","1.00000","","",""
"FINPROTECTION_CATA_ESTIMATE_AVAILABLE","FPMDA1999","PUBLISHED","1999","EUR","MDA","Yes","1.00000","","",""
"FINPROTECTION_CATA_ESTIMATE_AVAILABLE","FPMDA2000","PUBLISHED","2000","EUR","MDA","Yes","1.00000","","",""
"FINPROTECTION_CATA_ESTIMATE_AVAILABLE","FPMDA2001","PUBLISHED","2001","EUR","MDA","Yes","1.00000","","",""
"FINPROTECTION_CATA_ESTIMATE_AVAILABLE","FPMDA2002","PUBLISHED","2002","EUR","MDA","Yes","1.00000","","",""
"FINPROTECTION_CATA_ESTIMATE_AVAILABLE","FPMDA2003","PUBLISHED","2003","EUR","MDA","Yes","1.00000","","",""
"FINPROTECTION_CATA_ESTIMATE_AVAILABLE","FPMDA2004","PUBLISHED","2004","EUR","MDA","Yes","1.00000","","",""
"FINPROTECTION_CATA_ESTIMATE_AVAILABLE","FPMDA2005","PUBLISHED","2005","EUR","MDA","Yes","1.00000","","",""
"FINPROTECTION_CATA_ESTIMATE_AVAILABLE","FPMDA2006","PUBLISHED","2006","EUR","MDA","Yes","1.00000","","",""
"FINPROTECTION_CATA_ESTIMATE_AVAILABLE","FPMDA2007","PUBLISHED","2007","EUR","MDA","Yes","1.00000","","",""
"FINPROTECTION_CATA_ESTIMATE_AVAILABLE","FPMDA2008","PUBLISHED","2008","EUR","MDA","Yes","1.00000","","",""
"FINPROTECTION_CATA_ESTIMATE_AVAILABLE","FPMDA2009","PUBLISHED","2009","EUR","MDA","Yes","1.00000","","",""
"FINPROTECTION_CATA_ESTIMATE_AVAILABLE","FPMDA2010","PUBLISHED","2010","EUR","MDA","Yes","1.00000","","",""
"FINPROTECTION_CATA_ESTIMATE_AVAILABLE","FPMDA2011","PUBLISHED","2011","EUR","MDA","Yes","1.00000","","",""
"FINPROTECTION_CATA_ESTIMATE_AVAILABLE","FPMDA2012","PUBLISHED","2012","EUR","MDA","Yes","1.00000","","",""
"FINPROTECTION_CATA_ESTIMATE_AVAILABLE","FPMDA2013","PUBLISHED","2013","EUR","MDA","Yes","1.00000","","",""
"FINPROTECTION_CATA_ESTIMATE_AVAILABLE","FPMDG2001","PUBLISHED","2001","AFR","MDG","Yes","1.00000","","",""
"FINPROTECTION_CATA_ESTIMATE_AVAILABLE","FPMDG2005","PUBLISHED","2005","AFR","MDG","Yes","1.00000","","",""
"FINPROTECTION_CATA_ESTIMATE_AVAILABLE","FPMEX1984","PUBLISHED","1984","AMR","MEX","Yes","1.00000","","",""
"FINPROTECTION_CATA_ESTIMATE_AVAILABLE","FPMEX1989","PUBLISHED","1989","AMR","MEX","Yes","1.00000","","",""
"FINPROTECTION_CATA_ESTIMATE_AVAILABLE","FPMEX1992","PUBLISHED","1992","AMR","MEX","Yes","1.00000","","",""
"FINPROTECTION_CATA_ESTIMATE_AVAILABLE","FPMEX1994","PUBLISHED","1994","AMR","MEX","Yes","1.00000","","",""
"FINPROTECTION_CATA_ESTIMATE_AVAILABLE","FPMEX1996","PUBLISHED","1996","AMR","MEX","Yes","1.00000","","",""
"FINPROTECTION_CATA_ESTIMATE_AVAILABLE","FPMEX1998","PUBLISHED","1998","AMR","MEX","Yes","1.00000","","",""
"FINPROTECTION_CATA_ESTIMATE_AVAILABLE","FPMEX2000","PUBLISHED","2000","AMR","MEX","Yes","1.00000","","",""
"FINPROTECTION_CATA_ESTIMATE_AVAILABLE","FPMEX2002","PUBLISHED","2002","AMR","MEX","Yes","1.00000","","",""
"FINPROTECTION_CATA_ESTIMATE_AVAILABLE","FPMEX2004","PUBLISHED","2004","AMR","MEX","Yes","1.00000","","",""
"FINPROTECTION_CATA_ESTIMATE_AVAILABLE","FPMEX2008","PUBLISHED","2008","AMR","MEX","Yes","1.00000","","",""
"FINPROTECTION_CATA_ESTIMATE_AVAILABLE","FPMEX2010","PUBLISHED","2010","AMR","MEX","Yes","1.00000","","",""
"FINPROTECTION_CATA_ESTIMATE_AVAILABLE","FPMEX2012","PUBLISHED","2012","AMR","MEX","Yes","1.00000","","",""
"FINPROTECTION_CATA_ESTIMATE_AVAILABLE","FPMKD1996","PUBLISHED","1996","EUR","MKD","Yes","1.00000","","",""
"FINPROTECTION_CATA_ESTIMATE_AVAILABLE","FPMKD1997","PUBLISHED","1997","EUR","MKD","Yes","1.00000","","",""
"FINPROTECTION_CATA_ESTIMATE_AVAILABLE","FPMKD1998","PUBLISHED","1998","EUR","MKD","Yes","1.00000","","",""
"FINPROTECTION_CATA_ESTIMATE_AVAILABLE","FPMKD1999","PUBLISHED","1999","EUR","MKD","Yes","1.00000","","",""
"FINPROTECTION_CATA_ESTIMATE_AVAILABLE","FPMKD2000","PUBLISHED","2000","EUR","MKD","Yes","1.00000","","",""
"FINPROTECTION_CATA_ESTIMATE_AVAILABLE","FPMKD2002","PUBLISHED","2002","EUR","MKD","Yes","1.00000","","",""
"FINPROTECTION_CATA_ESTIMATE_AVAILABLE","FPMKD2003","PUBLISHED","2003","EUR","MKD","Yes","1.00000","","",""
"FINPROTECTION_CATA_ESTIMATE_AVAILABLE","FPMKD2004","PUBLISHED","2004","EUR","MKD","Yes","1.00000","","",""
"FINPROTECTION_CATA_ESTIMATE_AVAILABLE","FPMKD2005","PUBLISHED","2005","EUR","MKD","Yes","1.00000","","",""
"FINPROTECTION_CATA_ESTIMATE_AVAILABLE","FPMKD2006","PUBLISHED","2006","EUR","MKD","Yes","1.00000","","",""
"FINPROTECTION_CATA_ESTIMATE_AVAILABLE","FPMKD2008","PUBLISHED","2008","EUR","MKD","Yes","1.00000","","",""
"FINPROTECTION_CATA_ESTIMATE_AVAILABLE","FPMLI2001","PUBLISHED","2001","AFR","MLI","Yes","1.00000","","",""
"FINPROTECTION_CATA_ESTIMATE_AVAILABLE","FPMLI2006","PUBLISHED","2006","AFR","MLI","Yes","1.00000","","",""
"FINPROTECTION_CATA_ESTIMATE_AVAILABLE","FPMLT2010","PUBLISHED","2010","EUR","MLT","Yes","1.00000","","",""
"FINPROTECTION_CATA_ESTIMATE_AVAILABLE","FPMNE2005","PUBLISHED","2005","EUR","MNE","Yes","1.00000","","",""
"FINPROTECTION_CATA_ESTIMATE_AVAILABLE","FPMNE2006","PUBLISHED","2006","EUR","MNE","Yes","1.00000","","",""
"FINPROTECTION_CATA_ESTIMATE_AVAILABLE","FPMNE2007","PUBLISHED","2007","EUR","MNE","Yes","1.00000","","",""
"FINPROTECTION_CATA_ESTIMATE_AVAILABLE","FPMNE2008","PUBLISHED","2008","EUR","MNE","Yes","1.00000","","",""
"FINPROTECTION_CATA_ESTIMATE_AVAILABLE","FPMNE2009","PUBLISHED","2009","EUR","MNE","Yes","1.00000","","",""
"FINPROTECTION_CATA_ESTIMATE_AVAILABLE","FPMNE2010","PUBLISHED","2010","EUR","MNE","Yes","1.00000","","",""
"FINPROTECTION_CATA_ESTIMATE_AVAILABLE","FPMNE2011","PUBLISHED","2011","EUR","MNE","Yes","1.00000","","",""
"FINPROTECTION_CATA_ESTIMATE_AVAILABLE","FPMNE2014","PUBLISHED","2014","EUR","MNE","Yes","1.00000","","",""
"FINPROTECTION_CATA_ESTIMATE_AVAILABLE","FPMNG2002","PUBLISHED","2002","WPR","MNG","Yes","1.00000","","",""
"FINPROTECTION_CATA_ESTIMATE_AVAILABLE","FPMNG2007","PUBLISHED","2007","WPR","MNG","Yes","1.00000","","",""
"FINPROTECTION_CATA_ESTIMATE_AVAILABLE","FPMNG2010","PUBLISHED","2010","WPR","MNG","Yes","1.00000","","",""
"FINPROTECTION_CATA_ESTIMATE_AVAILABLE","FPMNG2011","PUBLISHED","2011","WPR","MNG","Yes","1.00000","","",""
"FINPROTECTION_CATA_ESTIMATE_AVAILABLE","FPMNG2012","PUBLISHED","2012","WPR","MNG","Yes","1.00000","","",""
"FINPROTECTION_CATA_ESTIMATE_AVAILABLE","FPMOZ2002","PUBLISHED","2002","AFR","MOZ","Yes","1.00000","","",""
"FINPROTECTION_CATA_ESTIMATE_AVAILABLE","FPMOZ2008","PUBLISHED","2008","AFR","MOZ","Yes","1.00000","","",""
"FINPROTECTION_CATA_ESTIMATE_AVAILABLE","FPMRT2004","PUBLISHED","2004","AFR","MRT","Yes","1.00000","","",""
"FINPROTECTION_CATA_ESTIMATE_AVAILABLE","FPMUS1996","PUBLISHED","1996","AFR","MUS","Yes","1.00000","","",""
"FINPROTECTION_CATA_ESTIMATE_AVAILABLE","FPMWI1997","PUBLISHED","1997","AFR","MWI","Yes","1.00000","","",""
"FINPROTECTION_CATA_ESTIMATE_AVAILABLE","FPMWI2010","PUBLISHED","2010","AFR","MWI","Yes","1.00000","","",""
"FINPROTECTION_CATA_ESTIMATE_AVAILABLE","FPMYS1993","PUBLISHED","1993","WPR","MYS","Yes","1.00000","","",""
"FINPROTECTION_CATA_ESTIMATE_AVAILABLE","FPMYS1998","PUBLISHED","1998","WPR","MYS","Yes","1.00000","","",""
"FINPROTECTION_CATA_ESTIMATE_AVAILABLE","FPMYS2004","PUBLISHED","2004","WPR","MYS","Yes","1.00000","","",""
"FINPROTECTION_CATA_ESTIMATE_AVAILABLE","FPNER2005","PUBLISHED","2005","AFR","NER","Yes","1.00000","","",""
"FINPROTECTION_CATA_ESTIMATE_AVAILABLE","FPNER2007","PUBLISHED","2007","AFR","NER","Yes","1.00000","","",""
"FINPROTECTION_CATA_ESTIMATE_AVAILABLE","FPNER2011","PUBLISHED","2011","AFR","NER","Yes","1.00000","","",""
"FINPROTECTION_CATA_ESTIMATE_AVAILABLE","FPNGA2003","PUBLISHED","2003","AFR","NGA","Yes","1.00000","","",""
"FINPROTECTION_CATA_ESTIMATE_AVAILABLE","FPNGA2009","PUBLISHED","2009","AFR","NGA","Yes","1.00000","","",""
"FINPROTECTION_CATA_ESTIMATE_AVAILABLE","FPNIC1993","PUBLISHED","1993","AMR","NIC","Yes","1.00000","","",""
"FINPROTECTION_CATA_ESTIMATE_AVAILABLE","FPNIC1998","PUBLISHED","1998","AMR","NIC","Yes","1.00000","","",""
"FINPROTECTION_CATA_ESTIMATE_AVAILABLE","FPNIC2001","PUBLISHED","2001","AMR","NIC","Yes","1.00000","","",""
"FINPROTECTION_CATA_ESTIMATE_AVAILABLE","FPNIC2009","PUBLISHED","2009","AMR","NIC","Yes","1.00000","","",""
"FINPROTECTION_CATA_ESTIMATE_AVAILABLE","FPNIC2014","PUBLISHED","2014","AMR","NIC","Yes","1.00000","","",""
"FINPROTECTION_CATA_ESTIMATE_AVAILABLE","FPNOR1996","PUBLISHED","1996","EUR","NOR","Yes","1.00000","","",""
"FINPROTECTION_CATA_ESTIMATE_AVAILABLE","FPNOR1997","PUBLISHED","1997","EUR","NOR","Yes","1.00000","","",""
"FINPROTECTION_CATA_ESTIMATE_AVAILABLE","FPNOR1998","PUBLISHED","1998","EUR","NOR","Yes","1.00000","","",""
"FINPROTECTION_CATA_ESTIMATE_AVAILABLE","FPNPL1995","PUBLISHED","1995","SEAR","NPL","Yes","1.00000","","",""
"FINPROTECTION_CATA_ESTIMATE_AVAILABLE","FPNPL2003","PUBLISHED","2003","SEAR","NPL","Yes","1.00000","","",""
"FINPROTECTION_CATA_ESTIMATE_AVAILABLE","FPNPL2010","PUBLISHED","2010","SEAR","NPL","Yes","1.00000","","",""
"FINPROTECTION_CATA_ESTIMATE_AVAILABLE","FPOMN1999","PUBLISHED","1999","EMR","OMN","Yes","1.00000","","",""
"FINPROTECTION_CATA_ESTIMATE_AVAILABLE","FPPAK1991","PUBLISHED","1991","EMR","PAK","Yes","1.00000","","",""
"FINPROTECTION_CATA_ESTIMATE_AVAILABLE","FPPAK2001","PUBLISHED","2001","EMR","PAK","Yes","1.00000","","",""
"FINPROTECTION_CATA_ESTIMATE_AVAILABLE","FPPAK2004","PUBLISHED","2004","EMR","PAK","Yes","1.00000","","",""
"FINPROTECTION_CATA_ESTIMATE_AVAILABLE","FPPAK2007","PUBLISHED","2007","EMR","PAK","Yes","1.00000","","",""
"FINPROTECTION_CATA_ESTIMATE_AVAILABLE","FPPAK2010","PUBLISHED","2010","EMR","PAK","Yes","1.00000","","",""
"FINPROTECTION_CATA_ESTIMATE_AVAILABLE","FPPAN1997","PUBLISHED","1997","AMR","PAN","Yes","1.00000","","",""
"FINPROTECTION_CATA_ESTIMATE_AVAILABLE","FPPAN2008","PUBLISHED","2008","AMR","PAN","Yes","1.00000","","",""
"FINPROTECTION_CATA_ESTIMATE_AVAILABLE","FPPER2000","PUBLISHED","2000","AMR","PER","Yes","1.00000","","",""
"FINPROTECTION_CATA_ESTIMATE_AVAILABLE","FPPER2006","PUBLISHED","2006","AMR","PER","Yes","1.00000","","",""
"FINPROTECTION_CATA_ESTIMATE_AVAILABLE","FPPER2007","PUBLISHED","2007","AMR","PER","Yes","1.00000","","",""
"FINPROTECTION_CATA_ESTIMATE_AVAILABLE","FPPER2008","PUBLISHED","2008","AMR","PER","Yes","1.00000","","",""
"FINPROTECTION_CATA_ESTIMATE_AVAILABLE","FPPER2009","PUBLISHED","2009","AMR","PER","Yes","1.00000","","",""
"FINPROTECTION_CATA_ESTIMATE_AVAILABLE","FPPER2010","PUBLISHED","2010","AMR","PER","Yes","1.00000","","",""
"FINPROTECTION_CATA_ESTIMATE_AVAILABLE","FPPER2011","PUBLISHED","2011","AMR","PER","Yes","1.00000","","",""
"FINPROTECTION_CATA_ESTIMATE_AVAILABLE","FPPER2012","PUBLISHED","2012","AMR","PER","Yes","1.00000","","",""
"FINPROTECTION_CATA_ESTIMATE_AVAILABLE","FPPER2014","PUBLISHED","2014","AMR","PER","Yes","1.00000","","",""
"FINPROTECTION_CATA_ESTIMATE_AVAILABLE","FPPER2015","PUBLISHED","2015","AMR","PER","Yes","1.00000","","",""
"FINPROTECTION_CATA_ESTIMATE_AVAILABLE","FPPHL1997","PUBLISHED","1997","WPR","PHL","Yes","1.00000","","",""
"FINPROTECTION_CATA_ESTIMATE_AVAILABLE","FPPHL2000","PUBLISHED","2000","WPR","PHL","Yes","1.00000","","",""
"FINPROTECTION_CATA_ESTIMATE_AVAILABLE","FPPHL2003","PUBLISHED","2003","WPR","PHL","Yes","1.00000","","",""
"FINPROTECTION_CATA_ESTIMATE_AVAILABLE","FPPHL2006","PUBLISHED","2006","WPR","PHL","Yes","1.00000","","",""
"FINPROTECTION_CATA_ESTIMATE_AVAILABLE","FPPHL2009","PUBLISHED","2009","WPR","PHL","Yes","1.00000","","",""
"FINPROTECTION_CATA_ESTIMATE_AVAILABLE","FPPHL2012","PUBLISHED","2012","WPR","PHL","Yes","1.00000","","",""
"FINPROTECTION_CATA_ESTIMATE_AVAILABLE","FPPHL2015","PUBLISHED","2015","WPR","PHL","Yes","1.00000","","",""
"FINPROTECTION_CATA_ESTIMATE_AVAILABLE","FPPOL1998","PUBLISHED","1998","EUR","POL","Yes","1.00000","","",""
"FINPROTECTION_CATA_ESTIMATE_AVAILABLE","FPPOL1999","PUBLISHED","1999","EUR","POL","Yes","1.00000","","",""
"FINPROTECTION_CATA_ESTIMATE_AVAILABLE","FPPOL2000","PUBLISHED","2000","EUR","POL","Yes","1.00000","","",""
"FINPROTECTION_CATA_ESTIMATE_AVAILABLE","FPPOL2001","PUBLISHED","2001","EUR","POL","Yes","1.00000","","",""
"FINPROTECTION_CATA_ESTIMATE_AVAILABLE","FPPOL2002","PUBLISHED","2002","EUR","POL","Yes","1.00000","","",""
"FINPROTECTION_CATA_ESTIMATE_AVAILABLE","FPPOL2003","PUBLISHED","2003","EUR","POL","Yes","1.00000","","",""
"FINPROTECTION_CATA_ESTIMATE_AVAILABLE","FPPOL2004","PUBLISHED","2004","EUR","POL","Yes","1.00000","","",""
"FINPROTECTION_CATA_ESTIMATE_AVAILABLE","FPPOL2005","PUBLISHED","2005","EUR","POL","Yes","1.00000","","",""
"FINPROTECTION_CATA_ESTIMATE_AVAILABLE","FPPOL2006","PUBLISHED","2006","EUR","POL","Yes","1.00000","","",""
"FINPROTECTION_CATA_ESTIMATE_AVAILABLE","FPPOL2007","PUBLISHED","2007","EUR","POL","Yes","1.00000","","",""
"FINPROTECTION_CATA_ESTIMATE_AVAILABLE","FPPOL2008","PUBLISHED","2008","EUR","POL","Yes","1.00000","","",""
"FINPROTECTION_CATA_ESTIMATE_AVAILABLE","FPPOL2009","PUBLISHED","2009","EUR","POL","Yes","1.00000","","",""
"FINPROTECTION_CATA_ESTIMATE_AVAILABLE","FPPOL2010","PUBLISHED","2010","EUR","POL","Yes","1.00000","","",""
"FINPROTECTION_CATA_ESTIMATE_AVAILABLE","FPPOL2011","PUBLISHED","2011","EUR","POL","Yes","1.00000","","",""
"FINPROTECTION_CATA_ESTIMATE_AVAILABLE","FPPOL2012","PUBLISHED","2012","EUR","POL","Yes","1.00000","","",""
"FINPROTECTION_CATA_ESTIMATE_AVAILABLE","FPPRT1990","PUBLISHED","1990","EUR","PRT","Yes","1.00000","","",""
"FINPROTECTION_CATA_ESTIMATE_AVAILABLE","FPPRT1994","PUBLISHED","1994","EUR","PRT","Yes","1.00000","","",""
"FINPROTECTION_CATA_ESTIMATE_AVAILABLE","FPPRT2010","PUBLISHED","2010","EUR","PRT","Yes","1.00000","","",""
"FINPROTECTION_CATA_ESTIMATE_AVAILABLE","FPPRY1996","PUBLISHED","1996","AMR","PRY","Yes","1.00000","","",""
"FINPROTECTION_CATA_ESTIMATE_AVAILABLE","FPPRY2000","PUBLISHED","2000","AMR","PRY","Yes","1.00000","","",""
"FINPROTECTION_CATA_ESTIMATE_AVAILABLE","FPPRY2001","PUBLISHED","2001","AMR","PRY","Yes","1.00000","","",""
"FINPROTECTION_CATA_ESTIMATE_AVAILABLE","FPROU1998","PUBLISHED","1998","EUR","ROU","Yes","1.00000","","",""
"FINPROTECTION_CATA_ESTIMATE_AVAILABLE","FPROU1999","PUBLISHED","1999","EUR","ROU","Yes","1.00000","","",""
"FINPROTECTION_CATA_ESTIMATE_AVAILABLE","FPROU2000","PUBLISHED","2000","EUR","ROU","Yes","1.00000","","",""
"FINPROTECTION_CATA_ESTIMATE_AVAILABLE","FPROU2001","PUBLISHED","2001","EUR","ROU","Yes","1.00000","","",""
"FINPROTECTION_CATA_ESTIMATE_AVAILABLE","FPROU2002","PUBLISHED","2002","EUR","ROU","Yes","1.00000","","",""
"FINPROTECTION_CATA_ESTIMATE_AVAILABLE","FPROU2003","PUBLISHED","2003","EUR","ROU","Yes","1.00000","","",""
"FINPROTECTION_CATA_ESTIMATE_AVAILABLE","FPROU2004","PUBLISHED","2004","EUR","ROU","Yes","1.00000","","",""
"FINPROTECTION_CATA_ESTIMATE_AVAILABLE","FPROU2005","PUBLISHED","2005","EUR","ROU","Yes","1.00000","","",""
"FINPROTECTION_CATA_ESTIMATE_AVAILABLE","FPROU2006","PUBLISHED","2006","EUR","ROU","Yes","1.00000","","",""
"FINPROTECTION_CATA_ESTIMATE_AVAILABLE","FPROU2007","PUBLISHED","2007","EUR","ROU","Yes","1.00000","","",""
"FINPROTECTION_CATA_ESTIMATE_AVAILABLE","FPROU2008","PUBLISHED","2008","EUR","ROU","Yes","1.00000","","",""
"FINPROTECTION_CATA_ESTIMATE_AVAILABLE","FPROU2009","PUBLISHED","2009","EUR","ROU","Yes","1.00000","","",""
"FINPROTECTION_CATA_ESTIMATE_AVAILABLE","FPROU2010","PUBLISHED","2010","EUR","ROU","Yes","1.00000","","",""
"FINPROTECTION_CATA_ESTIMATE_AVAILABLE","FPROU2011","PUBLISHED","2011","EUR","ROU","Yes","1.00000","","",""
"FINPROTECTION_CATA_ESTIMATE_AVAILABLE","FPROU2012","PUBLISHED","2012","EUR","ROU","Yes","1.00000","","",""
"FINPROTECTION_CATA_ESTIMATE_AVAILABLE","FPRUS1997","PUBLISHED","1997","EUR","RUS","Yes","1.00000","","",""
"FINPROTECTION_CATA_ESTIMATE_AVAILABLE","FPRUS1998","PUBLISHED","1998","EUR","RUS","Yes","1.00000","","",""
"FINPROTECTION_CATA_ESTIMATE_AVAILABLE","FPRUS1999","PUBLISHED","1999","EUR","RUS","Yes","1.00000","","",""
"FINPROTECTION_CATA_ESTIMATE_AVAILABLE","FPRUS2000","PUBLISHED","2000","EUR","RUS","Yes","1.00000","","",""
"FINPROTECTION_CATA_ESTIMATE_AVAILABLE","FPRUS2001","PUBLISHED","2001","EUR","RUS","Yes","1.00000","","",""
"FINPROTECTION_CATA_ESTIMATE_AVAILABLE","FPRUS2002","PUBLISHED","2002","EUR","RUS","Yes","1.00000","","",""
"FINPROTECTION_CATA_ESTIMATE_AVAILABLE","FPRUS2003","PUBLISHED","2003","EUR","RUS","Yes","1.00000","","",""
"FINPROTECTION_CATA_ESTIMATE_AVAILABLE","FPRUS2004","PUBLISHED","2004","EUR","RUS","Yes","1.00000","","",""
"FINPROTECTION_CATA_ESTIMATE_AVAILABLE","FPRUS2010","PUBLISHED","2010","EUR","RUS","Yes","1.00000","","",""
"FINPROTECTION_CATA_ESTIMATE_AVAILABLE","FPRUS2011","PUBLISHED","2011","EUR","RUS","Yes","1.00000","","",""
"FINPROTECTION_CATA_ESTIMATE_AVAILABLE","FPRUS2012","PUBLISHED","2012","EUR","RUS","Yes","1.00000","","",""
"FINPROTECTION_CATA_ESTIMATE_AVAILABLE","FPRUS2013","PUBLISHED","2013","EUR","RUS","Yes","1.00000","","",""
"FINPROTECTION_CATA_ESTIMATE_AVAILABLE","FPRUS2014","PUBLISHED","2014","EUR","RUS","Yes","1.00000","","",""
"FINPROTECTION_CATA_ESTIMATE_AVAILABLE","FPRWA2000","PUBLISHED","2000","AFR","RWA","Yes","1.00000","","",""
"FINPROTECTION_CATA_ESTIMATE_AVAILABLE","FPRWA2005","PUBLISHED","2005","AFR","RWA","Yes","1.00000","","",""
"FINPROTECTION_CATA_ESTIMATE_AVAILABLE","FPRWA2010","PUBLISHED","2010","AFR","RWA","Yes","1.00000","","",""
"FINPROTECTION_CATA_ESTIMATE_AVAILABLE","FPSEN2001","PUBLISHED","2001","AFR","SEN","Yes","1.00000","","",""
"FINPROTECTION_CATA_ESTIMATE_AVAILABLE","FPSEN2005","PUBLISHED","2005","AFR","SEN","Yes","1.00000","","",""
"FINPROTECTION_CATA_ESTIMATE_AVAILABLE","FPSEN2011","PUBLISHED","2011","AFR","SEN","Yes","1.00000","","",""
"FINPROTECTION_CATA_ESTIMATE_AVAILABLE","FPSLE2003","PUBLISHED","2003","AFR","SLE","Yes","1.00000","","",""
"FINPROTECTION_CATA_ESTIMATE_AVAILABLE","FPSRB2003","PUBLISHED","2003","EUR","SRB","Yes","1.00000","","",""
"FINPROTECTION_CATA_ESTIMATE_AVAILABLE","FPSRB2004","PUBLISHED","2004","EUR","SRB","Yes","1.00000","","",""
"FINPROTECTION_CATA_ESTIMATE_AVAILABLE","FPSRB2005","PUBLISHED","2005","EUR","SRB","Yes","1.00000","","",""
"FINPROTECTION_CATA_ESTIMATE_AVAILABLE","FPSRB2006","PUBLISHED","2006","EUR","SRB","Yes","1.00000","","",""
"FINPROTECTION_CATA_ESTIMATE_AVAILABLE","FPSRB2007","PUBLISHED","2007","EUR","SRB","Yes","1.00000","","",""
"FINPROTECTION_CATA_ESTIMATE_AVAILABLE","FPSRB2008","PUBLISHED","2008","EUR","SRB","Yes","1.00000","","",""
"FINPROTECTION_CATA_ESTIMATE_AVAILABLE","FPSRB2009","PUBLISHED","2009","EUR","SRB","Yes","1.00000","","",""
"FINPROTECTION_CATA_ESTIMATE_AVAILABLE","FPSRB2010","PUBLISHED","2010","EUR","SRB","Yes","1.00000","","",""
"FINPROTECTION_CATA_ESTIMATE_AVAILABLE","FPSTP2000","PUBLISHED","2000","AFR","STP","Yes","1.00000","","",""
"FINPROTECTION_CATA_ESTIMATE_AVAILABLE","FPSVK2004","PUBLISHED","2004","EUR","SVK","Yes","1.00000","","",""
"FINPROTECTION_CATA_ESTIMATE_AVAILABLE","FPSVK2005","PUBLISHED","2005","EUR","SVK","Yes","1.00000","","",""
"FINPROTECTION_CATA_ESTIMATE_AVAILABLE","FPSVK2006","PUBLISHED","2006","EUR","SVK","Yes","1.00000","","",""
"FINPROTECTION_CATA_ESTIMATE_AVAILABLE","FPSVK2007","PUBLISHED","2007","EUR","SVK","Yes","1.00000","","",""
"FINPROTECTION_CATA_ESTIMATE_AVAILABLE","FPSVK2008","PUBLISHED","2008","EUR","SVK","Yes","1.00000","","",""
"FINPROTECTION_CATA_ESTIMATE_AVAILABLE","FPSVK2009","PUBLISHED","2009","EUR","SVK","Yes","1.00000","","",""
"FINPROTECTION_CATA_ESTIMATE_AVAILABLE","FPSVK2010","PUBLISHED","2010","EUR","SVK","Yes","1.00000","","",""
"FINPROTECTION_CATA_ESTIMATE_AVAILABLE","FPSVN1999","PUBLISHED","1999","EUR","SVN","Yes","1.00000","","",""
"FINPROTECTION_CATA_ESTIMATE_AVAILABLE","FPSVN2007","PUBLISHED","2007","EUR","SVN","Yes","1.00000","","",""
"FINPROTECTION_CATA_ESTIMATE_AVAILABLE","FPSVN2012","PUBLISHED","2012","EUR","SVN","Yes","1.00000","","",""
"FINPROTECTION_CATA_ESTIMATE_AVAILABLE","FPSWE1996","PUBLISHED","1996","EUR","SWE","Yes","1.00000","","",""
"FINPROTECTION_CATA_ESTIMATE_AVAILABLE","FPSWZ2009","PUBLISHED","2009","AFR","SWZ","Yes","1.00000","","",""
"FINPROTECTION_CATA_ESTIMATE_AVAILABLE","FPTCD2003","PUBLISHED","2003","AFR","TCD","Yes","1.00000","","",""
"FINPROTECTION_CATA_ESTIMATE_AVAILABLE","FPTGO2006","PUBLISHED","2006","AFR","TGO","Yes","1.00000","","",""
"FINPROTECTION_CATA_ESTIMATE_AVAILABLE","FPTHA1994","PUBLISHED","1994","SEAR","THA","Yes","1.00000","","",""
"FINPROTECTION_CATA_ESTIMATE_AVAILABLE","FPTHA1996","PUBLISHED","1996","SEAR","THA","Yes","1.00000","","",""
"FINPROTECTION_CATA_ESTIMATE_AVAILABLE","FPTHA1998","PUBLISHED","1998","SEAR","THA","Yes","1.00000","","",""
"FINPROTECTION_CATA_ESTIMATE_AVAILABLE","FPTHA2010","PUBLISHED","2010","SEAR","THA","Yes","1.00000","","",""
"FINPROTECTION_CATA_ESTIMATE_AVAILABLE","FPTJK1999","PUBLISHED","1999","EUR","TJK","Yes","1.00000","","",""
"FINPROTECTION_CATA_ESTIMATE_AVAILABLE","FPTJK2003","PUBLISHED","2003","EUR","TJK","Yes","1.00000","","",""
"FINPROTECTION_CATA_ESTIMATE_AVAILABLE","FPTJK2007","PUBLISHED","2007","EUR","TJK","Yes","1.00000","","",""
"FINPROTECTION_CATA_ESTIMATE_AVAILABLE","FPTLS2001","PUBLISHED","2001","SEAR","TLS","Yes","1.00000","","",""
"FINPROTECTION_CATA_ESTIMATE_AVAILABLE","FPTUN1995","PUBLISHED","1995","EMR","TUN","Yes","1.00000","","",""
"FINPROTECTION_CATA_ESTIMATE_AVAILABLE","FPTUN2010","PUBLISHED","2010","EMR","TUN","Yes","1.00000","","",""
"FINPROTECTION_CATA_ESTIMATE_AVAILABLE","FPTUR2002","PUBLISHED","2002","EUR","TUR","Yes","1.00000","","",""
"FINPROTECTION_CATA_ESTIMATE_AVAILABLE","FPTUR2003","PUBLISHED","2003","EUR","TUR","Yes","1.00000","","",""
"FINPROTECTION_CATA_ESTIMATE_AVAILABLE","FPTUR2004","PUBLISHED","2004","EUR","TUR","Yes","1.00000","","",""
"FINPROTECTION_CATA_ESTIMATE_AVAILABLE","FPTUR2005","PUBLISHED","2005","EUR","TUR","Yes","1.00000","","",""
"FINPROTECTION_CATA_ESTIMATE_AVAILABLE","FPTUR2006","PUBLISHED","2006","EUR","TUR","Yes","1.00000","","",""
"FINPROTECTION_CATA_ESTIMATE_AVAILABLE","FPTUR2007","PUBLISHED","2007","EUR","TUR","Yes","1.00000","","",""
"FINPROTECTION_CATA_ESTIMATE_AVAILABLE","FPTUR2008","PUBLISHED","2008","EUR","TUR","Yes","1.00000","","",""
"FINPROTECTION_CATA_ESTIMATE_AVAILABLE","FPTUR2009","PUBLISHED","2009","EUR","TUR","Yes","1.00000","","",""
"FINPROTECTION_CATA_ESTIMATE_AVAILABLE","FPTUR2010","PUBLISHED","2010","EUR","TUR","Yes","1.00000","","",""
"FINPROTECTION_CATA_ESTIMATE_AVAILABLE","FPTUR2011","PUBLISHED","2011","EUR","TUR","Yes","1.00000","","",""
"FINPROTECTION_CATA_ESTIMATE_AVAILABLE","FPTUR2012","PUBLISHED","2012","EUR","TUR","Yes","1.00000","","",""
"FINPROTECTION_CATA_ESTIMATE_AVAILABLE","FPTZA2008","PUBLISHED","2008","AFR","TZA","Yes","1.00000","","",""
"FINPROTECTION_CATA_ESTIMATE_AVAILABLE","FPTZA2010","PUBLISHED","2010","AFR","TZA","Yes","1.00000","","",""
"FINPROTECTION_CATA_ESTIMATE_AVAILABLE","FPTZA2012","PUBLISHED","2012","AFR","TZA","Yes","1.00000","","",""
"FINPROTECTION_CATA_ESTIMATE_AVAILABLE","FPUGA1996","PUBLISHED","1996","AFR","UGA","Yes","1.00000","","",""
"FINPROTECTION_CATA_ESTIMATE_AVAILABLE","FPUGA1999","PUBLISHED","1999","AFR","UGA","Yes","1.00000","","",""
"FINPROTECTION_CATA_ESTIMATE_AVAILABLE","FPUGA2002","PUBLISHED","2002","AFR","UGA","Yes","1.00000","","",""
"FINPROTECTION_CATA_ESTIMATE_AVAILABLE","FPUKR2002","PUBLISHED","2002","EUR","UKR","Yes","1.00000","","",""
"FINPROTECTION_CATA_ESTIMATE_AVAILABLE","FPUKR2003","PUBLISHED","2003","EUR","UKR","Yes","1.00000","","",""
"FINPROTECTION_CATA_ESTIMATE_AVAILABLE","FPUKR2004","PUBLISHED","2004","EUR","UKR","Yes","1.00000","","",""
"FINPROTECTION_CATA_ESTIMATE_AVAILABLE","FPUKR2005","PUBLISHED","2005","EUR","UKR","Yes","1.00000","","",""
"FINPROTECTION_CATA_ESTIMATE_AVAILABLE","FPUKR2006","PUBLISHED","2006","EUR","UKR","Yes","1.00000","","",""
"FINPROTECTION_CATA_ESTIMATE_AVAILABLE","FPUKR2007","PUBLISHED","2007","EUR","UKR","Yes","1.00000","","",""
"FINPROTECTION_CATA_ESTIMATE_AVAILABLE","FPUKR2008","PUBLISHED","2008","EUR","UKR","Yes","1.00000","","",""
"FINPROTECTION_CATA_ESTIMATE_AVAILABLE","FPUKR2009","PUBLISHED","2009","EUR","UKR","Yes","1.00000","","",""
"FINPROTECTION_CATA_ESTIMATE_AVAILABLE","FPUKR2010","PUBLISHED","2010","EUR","UKR","Yes","1.00000","","",""
"FINPROTECTION_CATA_ESTIMATE_AVAILABLE","FPUKR2011","PUBLISHED","2011","EUR","UKR","Yes","1.00000","","",""
"FINPROTECTION_CATA_ESTIMATE_AVAILABLE","FPUKR2012","PUBLISHED","2012","EUR","UKR","Yes","1.00000","","",""
"FINPROTECTION_CATA_ESTIMATE_AVAILABLE","FPUKR2013","PUBLISHED","2013","EUR","UKR","Yes","1.00000","","",""
"FINPROTECTION_CATA_ESTIMATE_AVAILABLE","FPURY1995","PUBLISHED","1995","AMR","URY","Yes","1.00000","","",""
"FINPROTECTION_CATA_ESTIMATE_AVAILABLE","FPUSA1995","PUBLISHED","1995","AMR","USA","Yes","1.00000","","",""
"FINPROTECTION_CATA_ESTIMATE_AVAILABLE","FPUSA1996","PUBLISHED","1996","AMR","USA","Yes","1.00000","","",""
"FINPROTECTION_CATA_ESTIMATE_AVAILABLE","FPUSA1997","PUBLISHED","1997","AMR","USA","Yes","1.00000","","",""
"FINPROTECTION_CATA_ESTIMATE_AVAILABLE","FPUSA1998","PUBLISHED","1998","AMR","USA","Yes","1.00000","","",""
"FINPROTECTION_CATA_ESTIMATE_AVAILABLE","FPUSA2000","PUBLISHED","2000","AMR","USA","Yes","1.00000","","",""
"FINPROTECTION_CATA_ESTIMATE_AVAILABLE","FPUSA2001","PUBLISHED","2001","AMR","USA","Yes","1.00000","","",""
"FINPROTECTION_CATA_ESTIMATE_AVAILABLE","FPUSA2002","PUBLISHED","2002","AMR","USA","Yes","1.00000","","",""
"FINPROTECTION_CATA_ESTIMATE_AVAILABLE","FPUSA2003","PUBLISHED","2003","AMR","USA","Yes","1.00000","","",""
"FINPROTECTION_CATA_ESTIMATE_AVAILABLE","FPUSA2004","PUBLISHED","2004","AMR","USA","Yes","1.00000","","",""
"FINPROTECTION_CATA_ESTIMATE_AVAILABLE","FPUSA2005","PUBLISHED","2005","AMR","USA","Yes","1.00000","","",""
"FINPROTECTION_CATA_ESTIMATE_AVAILABLE","FPUSA2006","PUBLISHED","2006","AMR","USA","Yes","1.00000","","",""
"FINPROTECTION_CATA_ESTIMATE_AVAILABLE","FPUSA2007","PUBLISHED","2007","AMR","USA","Yes","1.00000","","",""
"FINPROTECTION_CATA_ESTIMATE_AVAILABLE","FPUSA2008","PUBLISHED","2008","AMR","USA","Yes","1.00000","","",""
"FINPROTECTION_CATA_ESTIMATE_AVAILABLE","FPUSA2009","PUBLISHED","2009","AMR","USA","Yes","1.00000","","",""
"FINPROTECTION_CATA_ESTIMATE_AVAILABLE","FPUSA2010","PUBLISHED","2010","AMR","USA","Yes","1.00000","","",""
"FINPROTECTION_CATA_ESTIMATE_AVAILABLE","FPUSA2011","PUBLISHED","2011","AMR","USA","Yes","1.00000","","",""
"FINPROTECTION_CATA_ESTIMATE_AVAILABLE","FPUSA2012","PUBLISHED","2012","AMR","USA","Yes","1.00000","","",""
"FINPROTECTION_CATA_ESTIMATE_AVAILABLE","FPUSA2013","PUBLISHED","2013","AMR","USA","Yes","1.00000","","",""
"FINPROTECTION_CATA_ESTIMATE_AVAILABLE","FPVNM1992","PUBLISHED","1992","WPR","VNM","Yes","1.00000","","",""
"FINPROTECTION_CATA_ESTIMATE_AVAILABLE","FPVNM1997","PUBLISHED","1997","WPR","VNM","Yes","1.00000","","",""
"FINPROTECTION_CATA_ESTIMATE_AVAILABLE","FPVNM2002","PUBLISHED","2002","WPR","VNM","Yes","1.00000","","",""
"FINPROTECTION_CATA_ESTIMATE_AVAILABLE","FPVNM2004","PUBLISHED","2004","WPR","VNM","Yes","1.00000","","",""
"FINPROTECTION_CATA_ESTIMATE_AVAILABLE","FPVNM2006","PUBLISHED","2006","WPR","VNM","Yes","1.00000","","",""
"FINPROTECTION_CATA_ESTIMATE_AVAILABLE","FPVNM2008","PUBLISHED","2008","WPR","VNM","Yes","1.00000","","",""
"FINPROTECTION_CATA_ESTIMATE_AVAILABLE","FPVNM2010","PUBLISHED","2010","WPR","VNM","Yes","1.00000","","",""
"FINPROTECTION_CATA_ESTIMATE_AVAILABLE","FPVNM2012","PUBLISHED","2012","WPR","VNM","Yes","1.00000","","",""
"FINPROTECTION_CATA_ESTIMATE_AVAILABLE","FPVNM2014","PUBLISHED","2014","WPR","VNM","Yes","1.00000","","",""
"FINPROTECTION_CATA_ESTIMATE_AVAILABLE","FPYEM1998","PUBLISHED","1998","EMR","YEM","Yes","1.00000","","",""
"FINPROTECTION_CATA_ESTIMATE_AVAILABLE","FPYEM2005","PUBLISHED","2005","EMR","YEM","Yes","1.00000","","",""
"FINPROTECTION_CATA_ESTIMATE_AVAILABLE","FPZAF1995","PUBLISHED","1995","AFR","ZAF","Yes","1.00000","","",""
"FINPROTECTION_CATA_ESTIMATE_AVAILABLE","FPZAF2000","PUBLISHED","2000","AFR","ZAF","Yes","1.00000","","",""
"FINPROTECTION_CATA_ESTIMATE_AVAILABLE","FPZAF2005","PUBLISHED","2005","AFR","ZAF","Yes","1.00000","","",""
"FINPROTECTION_CATA_ESTIMATE_AVAILABLE","FPZAF2010","PUBLISHED","2010","AFR","ZAF","Yes","1.00000","","",""
"FINPROTECTION_CATA_ESTIMATE_AVAILABLE","FPZMB2004","PUBLISHED","2004","AFR","ZMB","Yes","1.00000","","",""
"FINPROTECTION_CATA_ESTIMATE_AVAILABLE","FPZMB2006","PUBLISHED","2006","AFR","ZMB","Yes","1.00000","","",""
"FINPROTECTION_CATA_ESTIMATE_AVAILABLE","FPZMB2010","PUBLISHED","2010","AFR","ZMB","Yes","1.00000","","",""
