"GHO","PUBLISHSTATE","YEAR","REGION","COUNTRY","RSUDTREATMENTLOCATION","Display Value","Numeric","Low","High","Comments"
"RSUD_650","PUBLISHED","2014","EMR","AFG","IN_THE_CAPITAL_CITY","No","","","",""
"RSUD_650","PUBLISHED","2014","EMR","AFG","IN_OTHER_MAJOR_CITIES","No","","","",""
"RSUD_650","PUBLISHED","2014","EMR","AFG","IN_OTHER_AREAS","No","","","",""
"RSUD_650","PUBLISHED","2014","EUR","ALB","IN_THE_CAPITAL_CITY","No","","","",""
"RSUD_650","PUBLISHED","2014","EUR","ALB","IN_OTHER_MAJOR_CITIES","No","","","",""
"RSUD_650","PUBLISHED","2014","EUR","ALB","IN_OTHER_AREAS","No","","","",""
"RSUD_650","PUBLISHED","2014","EUR","AND","IN_THE_CAPITAL_CITY","Yes","","","",""
"RSUD_650","PUBLISHED","2014","EMR","ARE","IN_THE_CAPITAL_CITY","No","","","",""
"RSUD_650","PUBLISHED","2014","EMR","ARE","IN_OTHER_MAJOR_CITIES","No","","","",""
"RSUD_650","PUBLISHED","2014","EMR","ARE","IN_OTHER_AREAS","No","","","",""
"RSUD_650","PUBLISHED","2014","AMR","ARG","IN_THE_CAPITAL_CITY","No","","","",""
"RSUD_650","PUBLISHED","2014","AMR","ARG","IN_OTHER_MAJOR_CITIES","No","","","",""
"RSUD_650","PUBLISHED","2014","AMR","ARG","IN_OTHER_AREAS","No","","","",""
"RSUD_650","PUBLISHED","2014","EUR","ARM","IN_THE_CAPITAL_CITY","No","","","",""
"RSUD_650","PUBLISHED","2014","EUR","ARM","IN_OTHER_MAJOR_CITIES","No","","","",""
"RSUD_650","PUBLISHED","2014","EUR","ARM","IN_OTHER_AREAS","No","","","",""
"RSUD_650","PUBLISHED","2014","WPR","AUS","IN_THE_CAPITAL_CITY","Yes","","","",""
"RSUD_650","PUBLISHED","2014","WPR","AUS","IN_OTHER_MAJOR_CITIES","Yes","","","",""
"RSUD_650","PUBLISHED","2014","WPR","AUS","IN_OTHER_AREAS","Yes","","","",""
"RSUD_650","PUBLISHED","2014","EUR","AUT","IN_THE_CAPITAL_CITY","Yes","","","",""
"RSUD_650","PUBLISHED","2014","EUR","AUT","IN_OTHER_MAJOR_CITIES","Yes","","","",""
"RSUD_650","PUBLISHED","2014","EUR","AUT","IN_OTHER_AREAS","Yes","","","",""
"RSUD_650","PUBLISHED","2014","EUR","AZE","IN_THE_CAPITAL_CITY","No","","","",""
"RSUD_650","PUBLISHED","2014","EUR","AZE","IN_OTHER_MAJOR_CITIES","No","","","",""
"RSUD_650","PUBLISHED","2014","EUR","AZE","IN_OTHER_AREAS","No","","","",""
"RSUD_650","PUBLISHED","2014","AFR","BDI","IN_THE_CAPITAL_CITY","No","","","",""
"RSUD_650","PUBLISHED","2014","AFR","BDI","IN_OTHER_MAJOR_CITIES","No","","","",""
"RSUD_650","PUBLISHED","2014","AFR","BDI","IN_OTHER_AREAS","No","","","",""
"RSUD_650","PUBLISHED","2014","EUR","BEL","IN_OTHER_MAJOR_CITIES","Yes","","","",""
"RSUD_650","PUBLISHED","2014","AFR","BEN","IN_THE_CAPITAL_CITY","No","","","",""
"RSUD_650","PUBLISHED","2014","AFR","BEN","IN_OTHER_MAJOR_CITIES","No","","","",""
"RSUD_650","PUBLISHED","2014","AFR","BEN","IN_OTHER_AREAS","No","","","",""
"RSUD_650","PUBLISHED","2014","AFR","BFA","IN_THE_CAPITAL_CITY","No","","","",""
"RSUD_650","PUBLISHED","2014","AFR","BFA","IN_OTHER_MAJOR_CITIES","No","","","",""
"RSUD_650","PUBLISHED","2014","AFR","BFA","IN_OTHER_AREAS","No","","","",""
"RSUD_650","PUBLISHED","2014","SEAR","BGD","IN_THE_CAPITAL_CITY","No","","","",""
"RSUD_650","PUBLISHED","2014","SEAR","BGD","IN_OTHER_MAJOR_CITIES","No","","","",""
"RSUD_650","PUBLISHED","2014","SEAR","BGD","IN_OTHER_AREAS","No","","","",""
"RSUD_650","PUBLISHED","2014","EMR","BHR","IN_THE_CAPITAL_CITY","No","","","",""
"RSUD_650","PUBLISHED","2014","EMR","BHR","IN_OTHER_MAJOR_CITIES","No","","","",""
"RSUD_650","PUBLISHED","2014","EMR","BHR","IN_OTHER_AREAS","No","","","",""
"RSUD_650","PUBLISHED","2014","EUR","BIH","IN_OTHER_MAJOR_CITIES","Yes","","","",""
"RSUD_650","PUBLISHED","2014","EUR","BLR","IN_THE_CAPITAL_CITY","No","","","",""
"RSUD_650","PUBLISHED","2014","EUR","BLR","IN_OTHER_MAJOR_CITIES","No","","","",""
"RSUD_650","PUBLISHED","2014","EUR","BLR","IN_OTHER_AREAS","No","","","",""
"RSUD_650","PUBLISHED","2014","AMR","BLZ","IN_THE_CAPITAL_CITY","No","","","",""
"RSUD_650","PUBLISHED","2014","AMR","BLZ","IN_OTHER_MAJOR_CITIES","No","","","",""
"RSUD_650","PUBLISHED","2014","AMR","BLZ","IN_OTHER_AREAS","No","","","",""
"RSUD_650","PUBLISHED","2014","AMR","BOL","IN_THE_CAPITAL_CITY","No","","","",""
"RSUD_650","PUBLISHED","2014","AMR","BOL","IN_OTHER_MAJOR_CITIES","No","","","",""
"RSUD_650","PUBLISHED","2014","AMR","BOL","IN_OTHER_AREAS","No","","","",""
"RSUD_650","PUBLISHED","2014","AMR","BRA","IN_THE_CAPITAL_CITY","No","","","",""
"RSUD_650","PUBLISHED","2014","AMR","BRA","IN_OTHER_MAJOR_CITIES","No","","","",""
"RSUD_650","PUBLISHED","2014","AMR","BRA","IN_OTHER_AREAS","No","","","",""
"RSUD_650","PUBLISHED","2014","AMR","BRB","IN_THE_CAPITAL_CITY","No","","","",""
"RSUD_650","PUBLISHED","2014","AMR","BRB","IN_OTHER_MAJOR_CITIES","No","","","",""
"RSUD_650","PUBLISHED","2014","AMR","BRB","IN_OTHER_AREAS","No","","","",""
"RSUD_650","PUBLISHED","2014","WPR","BRN","IN_THE_CAPITAL_CITY","No","","","",""
"RSUD_650","PUBLISHED","2014","WPR","BRN","IN_OTHER_MAJOR_CITIES","No","","","",""
"RSUD_650","PUBLISHED","2014","WPR","BRN","IN_OTHER_AREAS","No","","","",""
"RSUD_650","PUBLISHED","2014","AFR","BWA","IN_THE_CAPITAL_CITY","No","","","",""
"RSUD_650","PUBLISHED","2014","AFR","BWA","IN_OTHER_MAJOR_CITIES","No","","","",""
"RSUD_650","PUBLISHED","2014","AFR","BWA","IN_OTHER_AREAS","No","","","",""
"RSUD_650","PUBLISHED","2014","AFR","CAF","IN_THE_CAPITAL_CITY","No","","","",""
"RSUD_650","PUBLISHED","2014","AFR","CAF","IN_OTHER_MAJOR_CITIES","No","","","",""
"RSUD_650","PUBLISHED","2014","AFR","CAF","IN_OTHER_AREAS","No","","","",""
"RSUD_650","PUBLISHED","2014","AMR","CAN","IN_THE_CAPITAL_CITY","Yes","","","",""
"RSUD_650","PUBLISHED","2014","AMR","CAN","IN_OTHER_MAJOR_CITIES","Yes","","","",""
"RSUD_650","PUBLISHED","2014","AMR","CAN","IN_OTHER_AREAS","Yes","","","",""
"RSUD_650","PUBLISHED","2014","EUR","CHE","IN_THE_CAPITAL_CITY","Yes","","","",""
"RSUD_650","PUBLISHED","2014","EUR","CHE","IN_OTHER_MAJOR_CITIES","Yes","","","",""
"RSUD_650","PUBLISHED","2014","AMR","CHL","IN_THE_CAPITAL_CITY","No","","","",""
"RSUD_650","PUBLISHED","2014","AMR","CHL","IN_OTHER_MAJOR_CITIES","No","","","",""
"RSUD_650","PUBLISHED","2014","AMR","CHL","IN_OTHER_AREAS","No","","","",""
"RSUD_650","PUBLISHED","2014","WPR","CHN","IN_THE_CAPITAL_CITY","Yes","","","",""
"RSUD_650","PUBLISHED","2014","AFR","CIV","IN_THE_CAPITAL_CITY","No","","","",""
"RSUD_650","PUBLISHED","2014","AFR","CIV","IN_OTHER_MAJOR_CITIES","No","","","",""
"RSUD_650","PUBLISHED","2014","AFR","CIV","IN_OTHER_AREAS","No","","","",""
"RSUD_650","PUBLISHED","2014","AFR","COD","IN_THE_CAPITAL_CITY","No","","","",""
"RSUD_650","PUBLISHED","2014","AFR","COD","IN_OTHER_MAJOR_CITIES","No","","","",""
"RSUD_650","PUBLISHED","2014","AFR","COD","IN_OTHER_AREAS","No","","","",""
"RSUD_650","PUBLISHED","2014","AFR","COG","IN_THE_CAPITAL_CITY","No","","","",""
"RSUD_650","PUBLISHED","2014","AFR","COG","IN_OTHER_MAJOR_CITIES","No","","","",""
"RSUD_650","PUBLISHED","2014","AFR","COG","IN_OTHER_AREAS","No","","","",""
"RSUD_650","PUBLISHED","2014","AMR","COL","IN_THE_CAPITAL_CITY","Yes","","","",""
"RSUD_650","PUBLISHED","2014","AMR","COL","IN_OTHER_MAJOR_CITIES","Yes","","","",""
"RSUD_650","PUBLISHED","2014","AFR","COM","IN_THE_CAPITAL_CITY","No","","","",""
"RSUD_650","PUBLISHED","2014","AFR","COM","IN_OTHER_MAJOR_CITIES","No","","","",""
"RSUD_650","PUBLISHED","2014","AFR","COM","IN_OTHER_AREAS","No","","","",""
"RSUD_650","PUBLISHED","2014","AMR","CRI","IN_THE_CAPITAL_CITY","No","","","",""
"RSUD_650","PUBLISHED","2014","AMR","CRI","IN_OTHER_MAJOR_CITIES","No","","","",""
"RSUD_650","PUBLISHED","2014","AMR","CRI","IN_OTHER_AREAS","No","","","",""
"RSUD_650","PUBLISHED","2014","AMR","CUB","IN_THE_CAPITAL_CITY","Yes","","","",""
"RSUD_650","PUBLISHED","2014","AMR","CUB","IN_OTHER_MAJOR_CITIES","Yes","","","",""
"RSUD_650","PUBLISHED","2014","EUR","CYP","IN_THE_CAPITAL_CITY","Yes","","","",""
"RSUD_650","PUBLISHED","2014","EUR","CYP","IN_OTHER_MAJOR_CITIES","Yes","","","",""
"RSUD_650","PUBLISHED","2014","EUR","CZE","IN_THE_CAPITAL_CITY","Yes","","","",""
"RSUD_650","PUBLISHED","2014","EUR","CZE","IN_OTHER_MAJOR_CITIES","Yes","","","",""
"RSUD_650","PUBLISHED","2014","EUR","DEU","IN_THE_CAPITAL_CITY","Yes","","","",""
"RSUD_650","PUBLISHED","2014","EUR","DEU","IN_OTHER_MAJOR_CITIES","Yes","","","",""
"RSUD_650","PUBLISHED","2014","EUR","DEU","IN_OTHER_AREAS","Yes","","","",""
"RSUD_650","PUBLISHED","2014","EMR","DJI","IN_THE_CAPITAL_CITY","No","","","",""
"RSUD_650","PUBLISHED","2014","EMR","DJI","IN_OTHER_MAJOR_CITIES","No","","","",""
"RSUD_650","PUBLISHED","2014","EMR","DJI","IN_OTHER_AREAS","No","","","",""
"RSUD_650","PUBLISHED","2014","EUR","DNK","IN_THE_CAPITAL_CITY","Yes","","","",""
"RSUD_650","PUBLISHED","2014","EUR","DNK","IN_OTHER_MAJOR_CITIES","Yes","","","",""
"RSUD_650","PUBLISHED","2014","EUR","DNK","IN_OTHER_AREAS","Yes","","","",""
"RSUD_650","PUBLISHED","2014","AMR","DOM","IN_THE_CAPITAL_CITY","Yes","","","",""
"RSUD_650","PUBLISHED","2014","AFR","DZA","IN_THE_CAPITAL_CITY","No","","","",""
"RSUD_650","PUBLISHED","2014","AFR","DZA","IN_OTHER_MAJOR_CITIES","No","","","",""
"RSUD_650","PUBLISHED","2014","AFR","DZA","IN_OTHER_AREAS","No","","","",""
"RSUD_650","PUBLISHED","2014","AMR","ECU","IN_THE_CAPITAL_CITY","No","","","",""
"RSUD_650","PUBLISHED","2014","AMR","ECU","IN_OTHER_MAJOR_CITIES","No","","","",""
"RSUD_650","PUBLISHED","2014","AMR","ECU","IN_OTHER_AREAS","No","","","",""
"RSUD_650","PUBLISHED","2014","EMR","EGY","IN_THE_CAPITAL_CITY","No","","","",""
"RSUD_650","PUBLISHED","2014","EMR","EGY","IN_OTHER_MAJOR_CITIES","No","","","",""
"RSUD_650","PUBLISHED","2014","EMR","EGY","IN_OTHER_AREAS","No","","","",""
"RSUD_650","PUBLISHED","2014","EUR","ESP","IN_THE_CAPITAL_CITY","Yes","","","",""
"RSUD_650","PUBLISHED","2014","EUR","ESP","IN_OTHER_MAJOR_CITIES","Yes","","","",""
"RSUD_650","PUBLISHED","2014","EUR","EST","IN_OTHER_MAJOR_CITIES","Yes","","","",""
"RSUD_650","PUBLISHED","2014","AFR","ETH","IN_THE_CAPITAL_CITY","No","","","",""
"RSUD_650","PUBLISHED","2014","AFR","ETH","IN_OTHER_MAJOR_CITIES","No","","","",""
"RSUD_650","PUBLISHED","2014","AFR","ETH","IN_OTHER_AREAS","No","","","",""
"RSUD_650","PUBLISHED","2014","EUR","FIN","IN_THE_CAPITAL_CITY","Yes","","","",""
"RSUD_650","PUBLISHED","2014","EUR","FIN","IN_OTHER_MAJOR_CITIES","Yes","","","",""
"RSUD_650","PUBLISHED","2014","WPR","FJI","IN_THE_CAPITAL_CITY","No","","","",""
"RSUD_650","PUBLISHED","2014","WPR","FJI","IN_OTHER_MAJOR_CITIES","No","","","",""
"RSUD_650","PUBLISHED","2014","WPR","FJI","IN_OTHER_AREAS","No","","","",""
"RSUD_650","PUBLISHED","2014","EUR","FRA","IN_OTHER_AREAS","Yes","","","",""
"RSUD_650","PUBLISHED","2014","WPR","FSM","IN_THE_CAPITAL_CITY","No","","","",""
"RSUD_650","PUBLISHED","2014","WPR","FSM","IN_OTHER_MAJOR_CITIES","No","","","",""
"RSUD_650","PUBLISHED","2014","WPR","FSM","IN_OTHER_AREAS","No","","","",""
"RSUD_650","PUBLISHED","2014","AFR","GAB","IN_THE_CAPITAL_CITY","No","","","",""
"RSUD_650","PUBLISHED","2014","AFR","GAB","IN_OTHER_MAJOR_CITIES","No","","","",""
"RSUD_650","PUBLISHED","2014","AFR","GAB","IN_OTHER_AREAS","No","","","",""
"RSUD_650","PUBLISHED","2014","EUR","GBR","IN_THE_CAPITAL_CITY","Yes","","","",""
"RSUD_650","PUBLISHED","2014","EUR","GEO","IN_THE_CAPITAL_CITY","No","","","",""
"RSUD_650","PUBLISHED","2014","EUR","GEO","IN_OTHER_MAJOR_CITIES","No","","","",""
"RSUD_650","PUBLISHED","2014","EUR","GEO","IN_OTHER_AREAS","No","","","",""
"RSUD_650","PUBLISHED","2014","AFR","GHA","IN_THE_CAPITAL_CITY","No","","","",""
"RSUD_650","PUBLISHED","2014","AFR","GHA","IN_OTHER_MAJOR_CITIES","No","","","",""
"RSUD_650","PUBLISHED","2014","AFR","GHA","IN_OTHER_AREAS","No","","","",""
"RSUD_650","PUBLISHED","2014","EUR","GRC","IN_THE_CAPITAL_CITY","Yes","","","",""
"RSUD_650","PUBLISHED","2014","EUR","GRC","IN_OTHER_MAJOR_CITIES","Yes","","","",""
"RSUD_650","PUBLISHED","2014","AMR","GRD","IN_THE_CAPITAL_CITY","No","","","",""
"RSUD_650","PUBLISHED","2014","AMR","GRD","IN_OTHER_MAJOR_CITIES","No","","","",""
"RSUD_650","PUBLISHED","2014","AMR","GRD","IN_OTHER_AREAS","No","","","",""
"RSUD_650","PUBLISHED","2014","AMR","GTM","IN_THE_CAPITAL_CITY","No","","","",""
"RSUD_650","PUBLISHED","2014","AMR","GTM","IN_OTHER_MAJOR_CITIES","No","","","",""
"RSUD_650","PUBLISHED","2014","AMR","GTM","IN_OTHER_AREAS","No","","","",""
"RSUD_650","PUBLISHED","2014","AMR","GUY","IN_THE_CAPITAL_CITY","No","","","",""
"RSUD_650","PUBLISHED","2014","AMR","GUY","IN_OTHER_MAJOR_CITIES","No","","","",""
"RSUD_650","PUBLISHED","2014","AMR","GUY","IN_OTHER_AREAS","No","","","",""
"RSUD_650","PUBLISHED","2014","AMR","HND","IN_THE_CAPITAL_CITY","No","","","",""
"RSUD_650","PUBLISHED","2014","AMR","HND","IN_OTHER_MAJOR_CITIES","No","","","",""
"RSUD_650","PUBLISHED","2014","AMR","HND","IN_OTHER_AREAS","No","","","",""
"RSUD_650","PUBLISHED","2014","EUR","HRV","IN_THE_CAPITAL_CITY","Yes","","","",""
"RSUD_650","PUBLISHED","2014","EUR","HRV","IN_OTHER_MAJOR_CITIES","Yes","","","",""
"RSUD_650","PUBLISHED","2014","AMR","HTI","IN_THE_CAPITAL_CITY","No","","","",""
"RSUD_650","PUBLISHED","2014","AMR","HTI","IN_OTHER_MAJOR_CITIES","No","","","",""
"RSUD_650","PUBLISHED","2014","AMR","HTI","IN_OTHER_AREAS","No","","","",""
"RSUD_650","PUBLISHED","2014","EUR","HUN","IN_THE_CAPITAL_CITY","Yes","","","",""
"RSUD_650","PUBLISHED","2014","SEAR","IDN","IN_THE_CAPITAL_CITY","No","","","",""
"RSUD_650","PUBLISHED","2014","SEAR","IDN","IN_OTHER_MAJOR_CITIES","No","","","",""
"RSUD_650","PUBLISHED","2014","SEAR","IDN","IN_OTHER_AREAS","No","","","",""
"RSUD_650","PUBLISHED","2014","SEAR","IND","IN_THE_CAPITAL_CITY","No","","","",""
"RSUD_650","PUBLISHED","2014","SEAR","IND","IN_OTHER_MAJOR_CITIES","No","","","",""
"RSUD_650","PUBLISHED","2014","SEAR","IND","IN_OTHER_AREAS","No","","","",""
"RSUD_650","PUBLISHED","2014","EUR","IRL","IN_THE_CAPITAL_CITY","Yes","","","",""
"RSUD_650","PUBLISHED","2014","EUR","IRL","IN_OTHER_AREAS","Yes","","","",""
"RSUD_650","PUBLISHED","2014","EMR","IRN","IN_THE_CAPITAL_CITY","No","","","",""
"RSUD_650","PUBLISHED","2014","EMR","IRN","IN_OTHER_MAJOR_CITIES","No","","","",""
"RSUD_650","PUBLISHED","2014","EMR","IRN","IN_OTHER_AREAS","No","","","",""
"RSUD_650","PUBLISHED","2014","EMR","IRQ","IN_THE_CAPITAL_CITY","No","","","",""
"RSUD_650","PUBLISHED","2014","EMR","IRQ","IN_OTHER_MAJOR_CITIES","No","","","",""
"RSUD_650","PUBLISHED","2014","EMR","IRQ","IN_OTHER_AREAS","No","","","",""
"RSUD_650","PUBLISHED","2014","EUR","ISL","IN_THE_CAPITAL_CITY","Yes","","","",""
"RSUD_650","PUBLISHED","2014","EUR","ISR","IN_THE_CAPITAL_CITY","Yes","","","",""
"RSUD_650","PUBLISHED","2014","EUR","ISR","IN_OTHER_MAJOR_CITIES","Yes","","","",""
"RSUD_650","PUBLISHED","2014","EUR","ISR","IN_OTHER_AREAS","Yes","","","",""
"RSUD_650","PUBLISHED","2014","EUR","ITA","IN_THE_CAPITAL_CITY","Yes","","","",""
"RSUD_650","PUBLISHED","2014","EUR","ITA","IN_OTHER_MAJOR_CITIES","Yes","","","",""
"RSUD_650","PUBLISHED","2014","AMR","JAM","IN_THE_CAPITAL_CITY","Yes","","","",""
"RSUD_650","PUBLISHED","2014","EMR","JOR","IN_THE_CAPITAL_CITY","No","","","",""
"RSUD_650","PUBLISHED","2014","EMR","JOR","IN_OTHER_MAJOR_CITIES","No","","","",""
"RSUD_650","PUBLISHED","2014","EMR","JOR","IN_OTHER_AREAS","No","","","",""
"RSUD_650","PUBLISHED","2014","WPR","JPN","IN_THE_CAPITAL_CITY","No","","","",""
"RSUD_650","PUBLISHED","2014","WPR","JPN","IN_OTHER_MAJOR_CITIES","No","","","",""
"RSUD_650","PUBLISHED","2014","WPR","JPN","IN_OTHER_AREAS","No","","","",""
"RSUD_650","PUBLISHED","2014","EUR","KAZ","IN_THE_CAPITAL_CITY","Yes","","","",""
"RSUD_650","PUBLISHED","2014","EUR","KAZ","IN_OTHER_MAJOR_CITIES","Yes","","","",""
"RSUD_650","PUBLISHED","2014","AFR","KEN","IN_THE_CAPITAL_CITY","No","","","",""
"RSUD_650","PUBLISHED","2014","AFR","KEN","IN_OTHER_MAJOR_CITIES","No","","","",""
"RSUD_650","PUBLISHED","2014","AFR","KEN","IN_OTHER_AREAS","No","","","",""
"RSUD_650","PUBLISHED","2014","EUR","KGZ","IN_THE_CAPITAL_CITY","No","","","",""
"RSUD_650","PUBLISHED","2014","EUR","KGZ","IN_OTHER_MAJOR_CITIES","No","","","",""
"RSUD_650","PUBLISHED","2014","EUR","KGZ","IN_OTHER_AREAS","No","","","",""
"RSUD_650","PUBLISHED","2014","WPR","KHM","IN_THE_CAPITAL_CITY","No","","","",""
"RSUD_650","PUBLISHED","2014","WPR","KHM","IN_OTHER_MAJOR_CITIES","No","","","",""
"RSUD_650","PUBLISHED","2014","WPR","KHM","IN_OTHER_AREAS","No","","","",""
"RSUD_650","PUBLISHED","2014","WPR","KIR","IN_THE_CAPITAL_CITY","No","","","",""
"RSUD_650","PUBLISHED","2014","WPR","KIR","IN_OTHER_MAJOR_CITIES","No","","","",""
"RSUD_650","PUBLISHED","2014","WPR","KIR","IN_OTHER_AREAS","No","","","",""
"RSUD_650","PUBLISHED","2014","WPR","KOR","IN_THE_CAPITAL_CITY","Yes","","","",""
"RSUD_650","PUBLISHED","2014","WPR","KOR","IN_OTHER_MAJOR_CITIES","Yes","","","",""
"RSUD_650","PUBLISHED","2014","EMR","KWT","IN_THE_CAPITAL_CITY","No","","","",""
"RSUD_650","PUBLISHED","2014","EMR","KWT","IN_OTHER_MAJOR_CITIES","No","","","",""
"RSUD_650","PUBLISHED","2014","EMR","KWT","IN_OTHER_AREAS","No","","","",""
"RSUD_650","PUBLISHED","2014","WPR","LAO","IN_THE_CAPITAL_CITY","No","","","",""
"RSUD_650","PUBLISHED","2014","WPR","LAO","IN_OTHER_MAJOR_CITIES","No","","","",""
"RSUD_650","PUBLISHED","2014","WPR","LAO","IN_OTHER_AREAS","No","","","",""
"RSUD_650","PUBLISHED","2014","EMR","LBN","IN_THE_CAPITAL_CITY","No","","","",""
"RSUD_650","PUBLISHED","2014","EMR","LBN","IN_OTHER_MAJOR_CITIES","No","","","",""
"RSUD_650","PUBLISHED","2014","EMR","LBN","IN_OTHER_AREAS","No","","","",""
"RSUD_650","PUBLISHED","2014","EMR","LBY","IN_THE_CAPITAL_CITY","No","","","",""
"RSUD_650","PUBLISHED","2014","EMR","LBY","IN_OTHER_MAJOR_CITIES","No","","","",""
"RSUD_650","PUBLISHED","2014","EMR","LBY","IN_OTHER_AREAS","No","","","",""
"RSUD_650","PUBLISHED","2014","AMR","LCA","IN_THE_CAPITAL_CITY","No","","","",""
"RSUD_650","PUBLISHED","2014","AMR","LCA","IN_OTHER_MAJOR_CITIES","No","","","",""
"RSUD_650","PUBLISHED","2014","AMR","LCA","IN_OTHER_AREAS","No","","","",""
"RSUD_650","PUBLISHED","2014","SEAR","LKA","IN_THE_CAPITAL_CITY","No","","","",""
"RSUD_650","PUBLISHED","2014","SEAR","LKA","IN_OTHER_MAJOR_CITIES","No","","","",""
"RSUD_650","PUBLISHED","2014","SEAR","LKA","IN_OTHER_AREAS","No","","","",""
"RSUD_650","PUBLISHED","2014","EUR","LTU","IN_THE_CAPITAL_CITY","No","","","",""
"RSUD_650","PUBLISHED","2014","EUR","LTU","IN_OTHER_MAJOR_CITIES","No","","","",""
"RSUD_650","PUBLISHED","2014","EUR","LTU","IN_OTHER_AREAS","No","","","",""
"RSUD_650","PUBLISHED","2014","EUR","LVA","IN_THE_CAPITAL_CITY","No","","","",""
"RSUD_650","PUBLISHED","2014","EUR","LVA","IN_OTHER_MAJOR_CITIES","No","","","",""
"RSUD_650","PUBLISHED","2014","EUR","LVA","IN_OTHER_AREAS","No","","","",""
"RSUD_650","PUBLISHED","2014","EMR","MAR","IN_THE_CAPITAL_CITY","No","","","",""
"RSUD_650","PUBLISHED","2014","EMR","MAR","IN_OTHER_MAJOR_CITIES","No","","","",""
"RSUD_650","PUBLISHED","2014","EMR","MAR","IN_OTHER_AREAS","No","","","",""
"RSUD_650","PUBLISHED","2014","EUR","MDA","IN_THE_CAPITAL_CITY","No","","","",""
"RSUD_650","PUBLISHED","2014","EUR","MDA","IN_OTHER_MAJOR_CITIES","No","","","",""
"RSUD_650","PUBLISHED","2014","EUR","MDA","IN_OTHER_AREAS","No","","","",""
"RSUD_650","PUBLISHED","2014","AFR","MDG","IN_THE_CAPITAL_CITY","No","","","",""
"RSUD_650","PUBLISHED","2014","AFR","MDG","IN_OTHER_MAJOR_CITIES","No","","","",""
"RSUD_650","PUBLISHED","2014","AFR","MDG","IN_OTHER_AREAS","No","","","",""
"RSUD_650","PUBLISHED","2014","AMR","MEX","IN_THE_CAPITAL_CITY","Yes","","","",""
"RSUD_650","PUBLISHED","2014","AMR","MEX","IN_OTHER_MAJOR_CITIES","Yes","","","",""
"RSUD_650","PUBLISHED","2014","EUR","MKD","IN_THE_CAPITAL_CITY","No","","","",""
"RSUD_650","PUBLISHED","2014","EUR","MKD","IN_OTHER_MAJOR_CITIES","No","","","",""
"RSUD_650","PUBLISHED","2014","EUR","MKD","IN_OTHER_AREAS","No","","","",""
"RSUD_650","PUBLISHED","2014","AFR","MLI","IN_THE_CAPITAL_CITY","No","","","",""
"RSUD_650","PUBLISHED","2014","AFR","MLI","IN_OTHER_MAJOR_CITIES","No","","","",""
"RSUD_650","PUBLISHED","2014","AFR","MLI","IN_OTHER_AREAS","No","","","",""
"RSUD_650","PUBLISHED","2014","EUR","MLT","IN_OTHER_AREAS","Yes","","","",""
"RSUD_650","PUBLISHED","2014","SEAR","MMR","IN_THE_CAPITAL_CITY","No","","","",""
"RSUD_650","PUBLISHED","2014","SEAR","MMR","IN_OTHER_MAJOR_CITIES","No","","","",""
"RSUD_650","PUBLISHED","2014","SEAR","MMR","IN_OTHER_AREAS","No","","","",""
"RSUD_650","PUBLISHED","2014","EUR","MNE","IN_THE_CAPITAL_CITY","No","","","",""
"RSUD_650","PUBLISHED","2014","EUR","MNE","IN_OTHER_MAJOR_CITIES","No","","","",""
"RSUD_650","PUBLISHED","2014","EUR","MNE","IN_OTHER_AREAS","No","","","",""
"RSUD_650","PUBLISHED","2014","WPR","MNG","IN_THE_CAPITAL_CITY","No","","","",""
"RSUD_650","PUBLISHED","2014","WPR","MNG","IN_OTHER_MAJOR_CITIES","No","","","",""
"RSUD_650","PUBLISHED","2014","WPR","MNG","IN_OTHER_AREAS","No","","","",""
"RSUD_650","PUBLISHED","2014","AFR","MOZ","IN_THE_CAPITAL_CITY","No","","","",""
"RSUD_650","PUBLISHED","2014","AFR","MOZ","IN_OTHER_MAJOR_CITIES","No","","","",""
"RSUD_650","PUBLISHED","2014","AFR","MOZ","IN_OTHER_AREAS","No","","","",""
"RSUD_650","PUBLISHED","2014","AFR","MRT","IN_THE_CAPITAL_CITY","No","","","",""
"RSUD_650","PUBLISHED","2014","AFR","MRT","IN_OTHER_MAJOR_CITIES","No","","","",""
"RSUD_650","PUBLISHED","2014","AFR","MRT","IN_OTHER_AREAS","No","","","",""
"RSUD_650","PUBLISHED","2014","AFR","MUS","IN_THE_CAPITAL_CITY","No","","","",""
"RSUD_650","PUBLISHED","2014","AFR","MUS","IN_OTHER_MAJOR_CITIES","No","","","",""
"RSUD_650","PUBLISHED","2014","AFR","MUS","IN_OTHER_AREAS","No","","","",""
"RSUD_650","PUBLISHED","2014","AFR","MWI","IN_THE_CAPITAL_CITY","No","","","",""
"RSUD_650","PUBLISHED","2014","AFR","MWI","IN_OTHER_MAJOR_CITIES","No","","","",""
"RSUD_650","PUBLISHED","2014","AFR","MWI","IN_OTHER_AREAS","No","","","",""
"RSUD_650","PUBLISHED","2014","WPR","MYS","IN_THE_CAPITAL_CITY","No","","","",""
"RSUD_650","PUBLISHED","2014","WPR","MYS","IN_OTHER_MAJOR_CITIES","No","","","",""
"RSUD_650","PUBLISHED","2014","WPR","MYS","IN_OTHER_AREAS","No","","","",""
"RSUD_650","PUBLISHED","2014","AFR","NAM","IN_THE_CAPITAL_CITY","No","","","",""
"RSUD_650","PUBLISHED","2014","AFR","NAM","IN_OTHER_MAJOR_CITIES","No","","","",""
"RSUD_650","PUBLISHED","2014","AFR","NAM","IN_OTHER_AREAS","No","","","",""
"RSUD_650","PUBLISHED","2014","AFR","NER","IN_THE_CAPITAL_CITY","No","","","",""
"RSUD_650","PUBLISHED","2014","AFR","NER","IN_OTHER_MAJOR_CITIES","No","","","",""
"RSUD_650","PUBLISHED","2014","AFR","NER","IN_OTHER_AREAS","No","","","",""
"RSUD_650","PUBLISHED","2014","AFR","NGA","IN_THE_CAPITAL_CITY","No","","","",""
"RSUD_650","PUBLISHED","2014","AFR","NGA","IN_OTHER_MAJOR_CITIES","No","","","",""
"RSUD_650","PUBLISHED","2014","AFR","NGA","IN_OTHER_AREAS","No","","","",""
"RSUD_650","PUBLISHED","2014","EUR","NLD","IN_THE_CAPITAL_CITY","Yes","","","",""
"RSUD_650","PUBLISHED","2014","EUR","NLD","IN_OTHER_MAJOR_CITIES","Yes","","","",""
"RSUD_650","PUBLISHED","2014","EUR","NLD","IN_OTHER_AREAS","Yes","","","",""
"RSUD_650","PUBLISHED","2014","EUR","NOR","IN_THE_CAPITAL_CITY","No","","","",""
"RSUD_650","PUBLISHED","2014","EUR","NOR","IN_OTHER_MAJOR_CITIES","No","","","",""
"RSUD_650","PUBLISHED","2014","EUR","NOR","IN_OTHER_AREAS","No","","","",""
"RSUD_650","PUBLISHED","2014","SEAR","NPL","IN_THE_CAPITAL_CITY","No","","","",""
"RSUD_650","PUBLISHED","2014","SEAR","NPL","IN_OTHER_MAJOR_CITIES","No","","","",""
"RSUD_650","PUBLISHED","2014","SEAR","NPL","IN_OTHER_AREAS","No","","","",""
"RSUD_650","PUBLISHED","2014","WPR","NZL","IN_THE_CAPITAL_CITY","Yes","","","",""
"RSUD_650","PUBLISHED","2014","WPR","NZL","IN_OTHER_MAJOR_CITIES","Yes","","","",""
"RSUD_650","PUBLISHED","2014","WPR","NZL","IN_OTHER_AREAS","Yes","","","",""
"RSUD_650","PUBLISHED","2014","EMR","OMN","IN_THE_CAPITAL_CITY","No","","","",""
"RSUD_650","PUBLISHED","2014","EMR","OMN","IN_OTHER_MAJOR_CITIES","No","","","",""
"RSUD_650","PUBLISHED","2014","EMR","OMN","IN_OTHER_AREAS","No","","","",""
"RSUD_650","PUBLISHED","2014","EMR","PAK","IN_THE_CAPITAL_CITY","No","","","",""
"RSUD_650","PUBLISHED","2014","EMR","PAK","IN_OTHER_MAJOR_CITIES","No","","","",""
"RSUD_650","PUBLISHED","2014","EMR","PAK","IN_OTHER_AREAS","No","","","",""
"RSUD_650","PUBLISHED","2014","AMR","PER","IN_THE_CAPITAL_CITY","No","","","",""
"RSUD_650","PUBLISHED","2014","AMR","PER","IN_OTHER_MAJOR_CITIES","No","","","",""
"RSUD_650","PUBLISHED","2014","AMR","PER","IN_OTHER_AREAS","No","","","",""
"RSUD_650","PUBLISHED","2014","WPR","PHL","IN_OTHER_MAJOR_CITIES","Yes","","","",""
"RSUD_650","PUBLISHED","2014","WPR","PNG","IN_THE_CAPITAL_CITY","No","","","",""
"RSUD_650","PUBLISHED","2014","WPR","PNG","IN_OTHER_MAJOR_CITIES","No","","","",""
"RSUD_650","PUBLISHED","2014","WPR","PNG","IN_OTHER_AREAS","No","","","",""
"RSUD_650","PUBLISHED","2014","EUR","POL","IN_THE_CAPITAL_CITY","Yes","","","",""
"RSUD_650","PUBLISHED","2014","EUR","POL","IN_OTHER_MAJOR_CITIES","Yes","","","",""
"RSUD_650","PUBLISHED","2014","EUR","PRT","IN_THE_CAPITAL_CITY","Yes","","","",""
"RSUD_650","PUBLISHED","2014","AMR","PRY","IN_THE_CAPITAL_CITY","Yes","","","",""
"RSUD_650","PUBLISHED","2014","EMR","QAT","IN_THE_CAPITAL_CITY","No","","","",""
"RSUD_650","PUBLISHED","2014","EMR","QAT","IN_OTHER_MAJOR_CITIES","No","","","",""
"RSUD_650","PUBLISHED","2014","EMR","QAT","IN_OTHER_AREAS","No","","","",""
"RSUD_650","PUBLISHED","2014","EUR","ROU","IN_THE_CAPITAL_CITY","No","","","",""
"RSUD_650","PUBLISHED","2014","EUR","ROU","IN_OTHER_MAJOR_CITIES","No","","","",""
"RSUD_650","PUBLISHED","2014","EUR","ROU","IN_OTHER_AREAS","No","","","",""
"RSUD_650","PUBLISHED","2014","EUR","RUS","IN_THE_CAPITAL_CITY","No","","","",""
"RSUD_650","PUBLISHED","2014","EUR","RUS","IN_OTHER_MAJOR_CITIES","No","","","",""
"RSUD_650","PUBLISHED","2014","EUR","RUS","IN_OTHER_AREAS","No","","","",""
"RSUD_650","PUBLISHED","2014","AFR","RWA","IN_THE_CAPITAL_CITY","No","","","",""
"RSUD_650","PUBLISHED","2014","AFR","RWA","IN_OTHER_MAJOR_CITIES","No","","","",""
"RSUD_650","PUBLISHED","2014","AFR","RWA","IN_OTHER_AREAS","No","","","",""
"RSUD_650","PUBLISHED","2014","EMR","SAU","IN_THE_CAPITAL_CITY","No","","","",""
"RSUD_650","PUBLISHED","2014","EMR","SAU","IN_OTHER_MAJOR_CITIES","No","","","",""
"RSUD_650","PUBLISHED","2014","EMR","SAU","IN_OTHER_AREAS","No","","","",""
"RSUD_650","PUBLISHED","2014","EMR","SDN","IN_THE_CAPITAL_CITY","No","","","",""
"RSUD_650","PUBLISHED","2014","EMR","SDN","IN_OTHER_MAJOR_CITIES","No","","","",""
"RSUD_650","PUBLISHED","2014","EMR","SDN","IN_OTHER_AREAS","No","","","",""
"RSUD_650","PUBLISHED","2014","AFR","SEN","IN_THE_CAPITAL_CITY","No","","","",""
"RSUD_650","PUBLISHED","2014","AFR","SEN","IN_OTHER_MAJOR_CITIES","No","","","",""
"RSUD_650","PUBLISHED","2014","AFR","SEN","IN_OTHER_AREAS","No","","","",""
"RSUD_650","PUBLISHED","2014","WPR","SGP","IN_THE_CAPITAL_CITY","Yes","","","",""
"RSUD_650","PUBLISHED","2014","WPR","SLB","IN_THE_CAPITAL_CITY","No","","","",""
"RSUD_650","PUBLISHED","2014","WPR","SLB","IN_OTHER_MAJOR_CITIES","No","","","",""
"RSUD_650","PUBLISHED","2014","WPR","SLB","IN_OTHER_AREAS","No","","","",""
"RSUD_650","PUBLISHED","2014","AFR","SLE","IN_THE_CAPITAL_CITY","No","","","",""
"RSUD_650","PUBLISHED","2014","AFR","SLE","IN_OTHER_MAJOR_CITIES","No","","","",""
"RSUD_650","PUBLISHED","2014","AFR","SLE","IN_OTHER_AREAS","No","","","",""
"RSUD_650","PUBLISHED","2014","AMR","SLV","IN_THE_CAPITAL_CITY","No","","","",""
"RSUD_650","PUBLISHED","2014","AMR","SLV","IN_OTHER_MAJOR_CITIES","No","","","",""
"RSUD_650","PUBLISHED","2014","AMR","SLV","IN_OTHER_AREAS","No","","","",""
"RSUD_650","PUBLISHED","2014","EMR","SOM","IN_THE_CAPITAL_CITY","No","","","",""
"RSUD_650","PUBLISHED","2014","EMR","SOM","IN_OTHER_MAJOR_CITIES","No","","","",""
"RSUD_650","PUBLISHED","2014","EMR","SOM","IN_OTHER_AREAS","No","","","",""
"RSUD_650","PUBLISHED","2014","EUR","SRB","IN_THE_CAPITAL_CITY","No","","","",""
"RSUD_650","PUBLISHED","2014","EUR","SRB","IN_OTHER_MAJOR_CITIES","No","","","",""
"RSUD_650","PUBLISHED","2014","EUR","SRB","IN_OTHER_AREAS","No","","","",""
"RSUD_650","PUBLISHED","2014","AMR","SUR","IN_THE_CAPITAL_CITY","No","","","",""
"RSUD_650","PUBLISHED","2014","AMR","SUR","IN_OTHER_MAJOR_CITIES","No","","","",""
"RSUD_650","PUBLISHED","2014","AMR","SUR","IN_OTHER_AREAS","No","","","",""
"RSUD_650","PUBLISHED","2014","EUR","SVK","IN_THE_CAPITAL_CITY","Yes","","","",""
"RSUD_650","PUBLISHED","2014","EUR","SVK","IN_OTHER_AREAS","Yes","","","",""
"RSUD_650","PUBLISHED","2014","EUR","SVN","IN_THE_CAPITAL_CITY","No","","","",""
"RSUD_650","PUBLISHED","2014","EUR","SVN","IN_OTHER_MAJOR_CITIES","No","","","",""
"RSUD_650","PUBLISHED","2014","EUR","SVN","IN_OTHER_AREAS","No","","","",""
"RSUD_650","PUBLISHED","2014","EUR","SWE","IN_THE_CAPITAL_CITY","Yes","","","",""
"RSUD_650","PUBLISHED","2014","EUR","SWE","IN_OTHER_MAJOR_CITIES","Yes","","","",""
"RSUD_650","PUBLISHED","2014","AFR","SWZ","IN_THE_CAPITAL_CITY","No","","","",""
"RSUD_650","PUBLISHED","2014","AFR","SWZ","IN_OTHER_MAJOR_CITIES","No","","","",""
"RSUD_650","PUBLISHED","2014","AFR","SWZ","IN_OTHER_AREAS","No","","","",""
"RSUD_650","PUBLISHED","2014","AFR","SYC","IN_THE_CAPITAL_CITY","No","","","",""
"RSUD_650","PUBLISHED","2014","AFR","SYC","IN_OTHER_MAJOR_CITIES","No","","","",""
"RSUD_650","PUBLISHED","2014","AFR","SYC","IN_OTHER_AREAS","No","","","",""
"RSUD_650","PUBLISHED","2014","EMR","SYR","IN_THE_CAPITAL_CITY","No","","","",""
"RSUD_650","PUBLISHED","2014","EMR","SYR","IN_OTHER_MAJOR_CITIES","No","","","",""
"RSUD_650","PUBLISHED","2014","EMR","SYR","IN_OTHER_AREAS","No","","","",""
"RSUD_650","PUBLISHED","2014","AFR","TCD","IN_THE_CAPITAL_CITY","No","","","",""
"RSUD_650","PUBLISHED","2014","AFR","TCD","IN_OTHER_MAJOR_CITIES","No","","","",""
"RSUD_650","PUBLISHED","2014","AFR","TCD","IN_OTHER_AREAS","No","","","",""
"RSUD_650","PUBLISHED","2014","AFR","TGO","IN_THE_CAPITAL_CITY","No","","","",""
"RSUD_650","PUBLISHED","2014","AFR","TGO","IN_OTHER_MAJOR_CITIES","No","","","",""
"RSUD_650","PUBLISHED","2014","AFR","TGO","IN_OTHER_AREAS","No","","","",""
"RSUD_650","PUBLISHED","2014","SEAR","THA","IN_THE_CAPITAL_CITY","No","","","",""
"RSUD_650","PUBLISHED","2014","SEAR","THA","IN_OTHER_MAJOR_CITIES","No","","","",""
"RSUD_650","PUBLISHED","2014","SEAR","THA","IN_OTHER_AREAS","No","","","",""
"RSUD_650","PUBLISHED","2014","EUR","TJK","IN_THE_CAPITAL_CITY","Yes","","","",""
"RSUD_650","PUBLISHED","2014","AMR","TTO","IN_THE_CAPITAL_CITY","No","","","",""
"RSUD_650","PUBLISHED","2014","AMR","TTO","IN_OTHER_MAJOR_CITIES","No","","","",""
"RSUD_650","PUBLISHED","2014","AMR","TTO","IN_OTHER_AREAS","No","","","",""
"RSUD_650","PUBLISHED","2014","EMR","TUN","IN_THE_CAPITAL_CITY","No","","","",""
"RSUD_650","PUBLISHED","2014","EMR","TUN","IN_OTHER_MAJOR_CITIES","No","","","",""
"RSUD_650","PUBLISHED","2014","EMR","TUN","IN_OTHER_AREAS","No","","","",""
"RSUD_650","PUBLISHED","2014","EUR","TUR","IN_THE_CAPITAL_CITY","No","","","",""
"RSUD_650","PUBLISHED","2014","EUR","TUR","IN_OTHER_MAJOR_CITIES","No","","","",""
"RSUD_650","PUBLISHED","2014","EUR","TUR","IN_OTHER_AREAS","No","","","",""
"RSUD_650","PUBLISHED","2014","AFR","TZA","IN_THE_CAPITAL_CITY","No","","","",""
"RSUD_650","PUBLISHED","2014","AFR","TZA","IN_OTHER_MAJOR_CITIES","No","","","",""
"RSUD_650","PUBLISHED","2014","AFR","TZA","IN_OTHER_AREAS","No","","","",""
"RSUD_650","PUBLISHED","2014","AFR","UGA","IN_THE_CAPITAL_CITY","No","","","",""
"RSUD_650","PUBLISHED","2014","AFR","UGA","IN_OTHER_MAJOR_CITIES","No","","","",""
"RSUD_650","PUBLISHED","2014","AFR","UGA","IN_OTHER_AREAS","No","","","",""
"RSUD_650","PUBLISHED","2014","EUR","UKR","IN_THE_CAPITAL_CITY","No","","","",""
"RSUD_650","PUBLISHED","2014","EUR","UKR","IN_OTHER_MAJOR_CITIES","No","","","",""
"RSUD_650","PUBLISHED","2014","EUR","UKR","IN_OTHER_AREAS","No","","","",""
"RSUD_650","PUBLISHED","2014","AMR","URY","IN_THE_CAPITAL_CITY","Yes","","","",""
"RSUD_650","PUBLISHED","2014","AMR","USA","IN_THE_CAPITAL_CITY","Yes","","","",""
"RSUD_650","PUBLISHED","2014","AMR","USA","IN_OTHER_MAJOR_CITIES","Yes","","","",""
"RSUD_650","PUBLISHED","2014","AMR","USA","IN_OTHER_AREAS","Yes","","","",""
"RSUD_650","PUBLISHED","2014","EUR","UZB","IN_THE_CAPITAL_CITY","No","","","",""
"RSUD_650","PUBLISHED","2014","EUR","UZB","IN_OTHER_MAJOR_CITIES","No","","","",""
"RSUD_650","PUBLISHED","2014","EUR","UZB","IN_OTHER_AREAS","No","","","",""
"RSUD_650","PUBLISHED","2014","WPR","VNM","IN_THE_CAPITAL_CITY","No","","","",""
"RSUD_650","PUBLISHED","2014","WPR","VNM","IN_OTHER_MAJOR_CITIES","No","","","",""
"RSUD_650","PUBLISHED","2014","WPR","VNM","IN_OTHER_AREAS","No","","","",""
"RSUD_650","PUBLISHED","2014","WPR","VUT","IN_THE_CAPITAL_CITY","No","","","",""
"RSUD_650","PUBLISHED","2014","WPR","VUT","IN_OTHER_MAJOR_CITIES","No","","","",""
"RSUD_650","PUBLISHED","2014","WPR","VUT","IN_OTHER_AREAS","No","","","",""
"RSUD_650","PUBLISHED","2014","EMR","YEM","IN_THE_CAPITAL_CITY","No","","","",""
"RSUD_650","PUBLISHED","2014","EMR","YEM","IN_OTHER_MAJOR_CITIES","No","","","",""
"RSUD_650","PUBLISHED","2014","EMR","YEM","IN_OTHER_AREAS","No","","","",""
"RSUD_650","PUBLISHED","2014","AFR","ZAF","IN_THE_CAPITAL_CITY","Yes","","","",""
"RSUD_650","PUBLISHED","2014","AFR","ZAF","IN_OTHER_MAJOR_CITIES","Yes","","","",""
"RSUD_650","PUBLISHED","2014","AFR","ZAF","IN_OTHER_AREAS","Yes","","","",""
"RSUD_650","PUBLISHED","2014","AFR","ZMB","IN_THE_CAPITAL_CITY","No","","","",""
"RSUD_650","PUBLISHED","2014","AFR","ZMB","IN_OTHER_MAJOR_CITIES","No","","","",""
"RSUD_650","PUBLISHED","2014","AFR","ZMB","IN_OTHER_AREAS","No","","","",""
"RSUD_650","PUBLISHED","2014","AFR","ZWE","IN_THE_CAPITAL_CITY","No","","","",""
"RSUD_650","PUBLISHED","2014","AFR","ZWE","IN_OTHER_MAJOR_CITIES","No","","","",""
"RSUD_650","PUBLISHED","2014","AFR","ZWE","IN_OTHER_AREAS","No","","","",""
"RSUD_650","PUBLISHED","2014","AFR","AGO","IN_THE_CAPITAL_CITY","No data","","","",""
"RSUD_650","PUBLISHED","2014","AFR","AGO","IN_OTHER_MAJOR_CITIES","No data","","","",""
"RSUD_650","PUBLISHED","2014","AFR","AGO","IN_OTHER_AREAS","No data","","","",""
"RSUD_650","PUBLISHED","2014","EUR","AND","IN_OTHER_MAJOR_CITIES","No data","","","",""
"RSUD_650","PUBLISHED","2014","EUR","AND","IN_OTHER_AREAS","No data","","","",""
"RSUD_650","PUBLISHED","2014","AMR","ATG","IN_THE_CAPITAL_CITY","No data","","","",""
"RSUD_650","PUBLISHED","2014","AMR","ATG","IN_OTHER_MAJOR_CITIES","No data","","","",""
"RSUD_650","PUBLISHED","2014","AMR","ATG","IN_OTHER_AREAS","No data","","","",""
"RSUD_650","PUBLISHED","2014","EUR","BEL","IN_THE_CAPITAL_CITY","No data","","","",""
"RSUD_650","PUBLISHED","2014","EUR","BEL","IN_OTHER_AREAS","No data","","","",""
"RSUD_650","PUBLISHED","2014","EUR","BGR","IN_THE_CAPITAL_CITY","No data","","","",""
"RSUD_650","PUBLISHED","2014","EUR","BGR","IN_OTHER_MAJOR_CITIES","No data","","","",""
"RSUD_650","PUBLISHED","2014","EUR","BGR","IN_OTHER_AREAS","No data","","","",""
"RSUD_650","PUBLISHED","2014","AMR","BHS","IN_THE_CAPITAL_CITY","No data","","","",""
"RSUD_650","PUBLISHED","2014","AMR","BHS","IN_OTHER_MAJOR_CITIES","No data","","","",""
"RSUD_650","PUBLISHED","2014","AMR","BHS","IN_OTHER_AREAS","No data","","","",""
"RSUD_650","PUBLISHED","2014","EUR","BIH","IN_THE_CAPITAL_CITY","No data","","","",""
"RSUD_650","PUBLISHED","2014","EUR","BIH","IN_OTHER_AREAS","No data","","","",""
"RSUD_650","PUBLISHED","2014","SEAR","BTN","IN_THE_CAPITAL_CITY","No data","","","",""
"RSUD_650","PUBLISHED","2014","SEAR","BTN","IN_OTHER_MAJOR_CITIES","No data","","","",""
"RSUD_650","PUBLISHED","2014","SEAR","BTN","IN_OTHER_AREAS","No data","","","",""
"RSUD_650","PUBLISHED","2014","EUR","CHE","IN_OTHER_AREAS","No data","","","",""
"RSUD_650","PUBLISHED","2014","WPR","CHN","IN_OTHER_MAJOR_CITIES","No data","","","",""
"RSUD_650","PUBLISHED","2014","WPR","CHN","IN_OTHER_AREAS","No data","","","",""
"RSUD_650","PUBLISHED","2014","AFR","CMR","IN_THE_CAPITAL_CITY","No data","","","",""
"RSUD_650","PUBLISHED","2014","AFR","CMR","IN_OTHER_MAJOR_CITIES","No data","","","",""
"RSUD_650","PUBLISHED","2014","AFR","CMR","IN_OTHER_AREAS","No data","","","",""
"RSUD_650","PUBLISHED","2014","WPR","COK","IN_THE_CAPITAL_CITY","No data","","","",""
"RSUD_650","PUBLISHED","2014","WPR","COK","IN_OTHER_MAJOR_CITIES","No data","","","",""
"RSUD_650","PUBLISHED","2014","WPR","COK","IN_OTHER_AREAS","No data","","","",""
"RSUD_650","PUBLISHED","2014","AMR","COL","IN_OTHER_AREAS","No data","","","",""
"RSUD_650","PUBLISHED","2014","AFR","CPV","IN_THE_CAPITAL_CITY","No data","","","",""
"RSUD_650","PUBLISHED","2014","AFR","CPV","IN_OTHER_MAJOR_CITIES","No data","","","",""
"RSUD_650","PUBLISHED","2014","AFR","CPV","IN_OTHER_AREAS","No data","","","",""
"RSUD_650","PUBLISHED","2014","AMR","CUB","IN_OTHER_AREAS","No data","","","",""
"RSUD_650","PUBLISHED","2014","EUR","CYP","IN_OTHER_AREAS","No data","","","",""
"RSUD_650","PUBLISHED","2014","EUR","CZE","IN_OTHER_AREAS","No data","","","",""
"RSUD_650","PUBLISHED","2014","AMR","DMA","IN_THE_CAPITAL_CITY","No data","","","",""
"RSUD_650","PUBLISHED","2014","AMR","DMA","IN_OTHER_MAJOR_CITIES","No data","","","",""
"RSUD_650","PUBLISHED","2014","AMR","DMA","IN_OTHER_AREAS","No data","","","",""
"RSUD_650","PUBLISHED","2014","AMR","DOM","IN_OTHER_MAJOR_CITIES","No data","","","",""
"RSUD_650","PUBLISHED","2014","AMR","DOM","IN_OTHER_AREAS","No data","","","",""
"RSUD_650","PUBLISHED","2014","AFR","ERI","IN_THE_CAPITAL_CITY","No data","","","",""
"RSUD_650","PUBLISHED","2014","AFR","ERI","IN_OTHER_MAJOR_CITIES","No data","","","",""
"RSUD_650","PUBLISHED","2014","AFR","ERI","IN_OTHER_AREAS","No data","","","",""
"RSUD_650","PUBLISHED","2014","EUR","ESP","IN_OTHER_AREAS","No data","","","",""
"RSUD_650","PUBLISHED","2014","EUR","EST","IN_THE_CAPITAL_CITY","No data","","","",""
"RSUD_650","PUBLISHED","2014","EUR","EST","IN_OTHER_AREAS","No data","","","",""
"RSUD_650","PUBLISHED","2014","EUR","FIN","IN_OTHER_AREAS","No data","","","",""
"RSUD_650","PUBLISHED","2014","EUR","FRA","IN_THE_CAPITAL_CITY","No data","","","",""
"RSUD_650","PUBLISHED","2014","EUR","FRA","IN_OTHER_MAJOR_CITIES","No data","","","",""
"RSUD_650","PUBLISHED","2014","EUR","GBR","IN_OTHER_MAJOR_CITIES","No data","","","",""
"RSUD_650","PUBLISHED","2014","EUR","GBR","IN_OTHER_AREAS","No data","","","",""
"RSUD_650","PUBLISHED","2014","AFR","GIN","IN_THE_CAPITAL_CITY","No data","","","",""
"RSUD_650","PUBLISHED","2014","AFR","GIN","IN_OTHER_MAJOR_CITIES","No data","","","",""
"RSUD_650","PUBLISHED","2014","AFR","GIN","IN_OTHER_AREAS","No data","","","",""
"RSUD_650","PUBLISHED","2014","AFR","GMB","IN_THE_CAPITAL_CITY","No data","","","",""
"RSUD_650","PUBLISHED","2014","AFR","GMB","IN_OTHER_MAJOR_CITIES","No data","","","",""
"RSUD_650","PUBLISHED","2014","AFR","GMB","IN_OTHER_AREAS","No data","","","",""
"RSUD_650","PUBLISHED","2014","AFR","GNB","IN_THE_CAPITAL_CITY","No data","","","",""
"RSUD_650","PUBLISHED","2014","AFR","GNB","IN_OTHER_MAJOR_CITIES","No data","","","",""
"RSUD_650","PUBLISHED","2014","AFR","GNB","IN_OTHER_AREAS","No data","","","",""
"RSUD_650","PUBLISHED","2014","AFR","GNQ","IN_THE_CAPITAL_CITY","No data","","","",""
"RSUD_650","PUBLISHED","2014","AFR","GNQ","IN_OTHER_MAJOR_CITIES","No data","","","",""
"RSUD_650","PUBLISHED","2014","AFR","GNQ","IN_OTHER_AREAS","No data","","","",""
"RSUD_650","PUBLISHED","2014","EUR","GRC","IN_OTHER_AREAS","No data","","","",""
"RSUD_650","PUBLISHED","2014","EUR","HRV","IN_OTHER_AREAS","No data","","","",""
"RSUD_650","PUBLISHED","2014","EUR","HUN","IN_OTHER_MAJOR_CITIES","No data","","","",""
"RSUD_650","PUBLISHED","2014","EUR","HUN","IN_OTHER_AREAS","No data","","","",""
"RSUD_650","PUBLISHED","2014","EUR","IRL","IN_OTHER_MAJOR_CITIES","No data","","","",""
"RSUD_650","PUBLISHED","2014","EUR","ISL","IN_OTHER_MAJOR_CITIES","No data","","","",""
"RSUD_650","PUBLISHED","2014","EUR","ISL","IN_OTHER_AREAS","No data","","","",""
"RSUD_650","PUBLISHED","2014","EUR","ITA","IN_OTHER_AREAS","No data","","","",""
"RSUD_650","PUBLISHED","2014","AMR","JAM","IN_OTHER_MAJOR_CITIES","No data","","","",""
"RSUD_650","PUBLISHED","2014","AMR","JAM","IN_OTHER_AREAS","No data","","","",""
"RSUD_650","PUBLISHED","2014","EUR","KAZ","IN_OTHER_AREAS","No data","","","",""
"RSUD_650","PUBLISHED","2014","AMR","KNA","IN_THE_CAPITAL_CITY","No data","","","",""
"RSUD_650","PUBLISHED","2014","AMR","KNA","IN_OTHER_MAJOR_CITIES","No data","","","",""
"RSUD_650","PUBLISHED","2014","AMR","KNA","IN_OTHER_AREAS","No data","","","",""
"RSUD_650","PUBLISHED","2014","WPR","KOR","IN_OTHER_AREAS","No data","","","",""
"RSUD_650","PUBLISHED","2014","AFR","LBR","IN_THE_CAPITAL_CITY","No data","","","",""
"RSUD_650","PUBLISHED","2014","AFR","LBR","IN_OTHER_MAJOR_CITIES","No data","","","",""
"RSUD_650","PUBLISHED","2014","AFR","LBR","IN_OTHER_AREAS","No data","","","",""
"RSUD_650","PUBLISHED","2014","AFR","LSO","IN_THE_CAPITAL_CITY","No data","","","",""
"RSUD_650","PUBLISHED","2014","AFR","LSO","IN_OTHER_MAJOR_CITIES","No data","","","",""
"RSUD_650","PUBLISHED","2014","AFR","LSO","IN_OTHER_AREAS","No data","","","",""
"RSUD_650","PUBLISHED","2014","EUR","LUX","IN_THE_CAPITAL_CITY","No data","","","",""
"RSUD_650","PUBLISHED","2014","EUR","LUX","IN_OTHER_MAJOR_CITIES","No data","","","",""
"RSUD_650","PUBLISHED","2014","EUR","LUX","IN_OTHER_AREAS","No data","","","",""
"RSUD_650","PUBLISHED","2014","EUR","MCO","IN_THE_CAPITAL_CITY","No data","","","",""
"RSUD_650","PUBLISHED","2014","EUR","MCO","IN_OTHER_MAJOR_CITIES","No data","","","",""
"RSUD_650","PUBLISHED","2014","EUR","MCO","IN_OTHER_AREAS","No data","","","",""
"RSUD_650","PUBLISHED","2014","SEAR","MDV","IN_THE_CAPITAL_CITY","No data","","","",""
"RSUD_650","PUBLISHED","2014","SEAR","MDV","IN_OTHER_MAJOR_CITIES","No data","","","",""
"RSUD_650","PUBLISHED","2014","SEAR","MDV","IN_OTHER_AREAS","No data","","","",""
"RSUD_650","PUBLISHED","2014","AMR","MEX","IN_OTHER_AREAS","No data","","","",""
"RSUD_650","PUBLISHED","2014","WPR","MHL","IN_THE_CAPITAL_CITY","No data","","","",""
"RSUD_650","PUBLISHED","2014","WPR","MHL","IN_OTHER_MAJOR_CITIES","No data","","","",""
"RSUD_650","PUBLISHED","2014","WPR","MHL","IN_OTHER_AREAS","No data","","","",""
"RSUD_650","PUBLISHED","2014","EUR","MLT","IN_THE_CAPITAL_CITY","No data","","","",""
"RSUD_650","PUBLISHED","2014","EUR","MLT","IN_OTHER_MAJOR_CITIES","No data","","","",""
"RSUD_650","PUBLISHED","2014","AMR","NIC","IN_THE_CAPITAL_CITY","No data","","","",""
"RSUD_650","PUBLISHED","2014","AMR","NIC","IN_OTHER_MAJOR_CITIES","No data","","","",""
"RSUD_650","PUBLISHED","2014","AMR","NIC","IN_OTHER_AREAS","No data","","","",""
"RSUD_650","PUBLISHED","2014","WPR","NIU","IN_THE_CAPITAL_CITY","No data","","","",""
"RSUD_650","PUBLISHED","2014","WPR","NIU","IN_OTHER_MAJOR_CITIES","No data","","","",""
"RSUD_650","PUBLISHED","2014","WPR","NIU","IN_OTHER_AREAS","No data","","","",""
"RSUD_650","PUBLISHED","2014","WPR","NRU","IN_THE_CAPITAL_CITY","No data","","","",""
"RSUD_650","PUBLISHED","2014","WPR","NRU","IN_OTHER_MAJOR_CITIES","No data","","","",""
"RSUD_650","PUBLISHED","2014","WPR","NRU","IN_OTHER_AREAS","No data","","","",""
"RSUD_650","PUBLISHED","2014","AMR","PAN","IN_THE_CAPITAL_CITY","No data","","","",""
"RSUD_650","PUBLISHED","2014","AMR","PAN","IN_OTHER_MAJOR_CITIES","No data","","","",""
"RSUD_650","PUBLISHED","2014","AMR","PAN","IN_OTHER_AREAS","No data","","","",""
"RSUD_650","PUBLISHED","2014","WPR","PHL","IN_THE_CAPITAL_CITY","No data","","","",""
"RSUD_650","PUBLISHED","2014","WPR","PHL","IN_OTHER_AREAS","No data","","","",""
"RSUD_650","PUBLISHED","2014","WPR","PLW","IN_THE_CAPITAL_CITY","No data","","","",""
"RSUD_650","PUBLISHED","2014","WPR","PLW","IN_OTHER_MAJOR_CITIES","No data","","","",""
"RSUD_650","PUBLISHED","2014","WPR","PLW","IN_OTHER_AREAS","No data","","","",""
"RSUD_650","PUBLISHED","2014","EUR","POL","IN_OTHER_AREAS","No data","","","",""
"RSUD_650","PUBLISHED","2014","SEAR","PRK","IN_THE_CAPITAL_CITY","No data","","","",""
"RSUD_650","PUBLISHED","2014","SEAR","PRK","IN_OTHER_MAJOR_CITIES","No data","","","",""
"RSUD_650","PUBLISHED","2014","SEAR","PRK","IN_OTHER_AREAS","No data","","","",""
"RSUD_650","PUBLISHED","2014","EUR","PRT","IN_OTHER_MAJOR_CITIES","No data","","","",""
"RSUD_650","PUBLISHED","2014","EUR","PRT","IN_OTHER_AREAS","No data","","","",""
"RSUD_650","PUBLISHED","2014","AMR","PRY","IN_OTHER_MAJOR_CITIES","No data","","","",""
"RSUD_650","PUBLISHED","2014","AMR","PRY","IN_OTHER_AREAS","No data","","","",""
"RSUD_650","PUBLISHED","2014","WPR","SGP","IN_OTHER_MAJOR_CITIES","No data","","","",""
"RSUD_650","PUBLISHED","2014","WPR","SGP","IN_OTHER_AREAS","No data","","","",""
"RSUD_650","PUBLISHED","2014","EUR","SMR","IN_THE_CAPITAL_CITY","No data","","","",""
"RSUD_650","PUBLISHED","2014","EUR","SMR","IN_OTHER_MAJOR_CITIES","No data","","","",""
"RSUD_650","PUBLISHED","2014","EUR","SMR","IN_OTHER_AREAS","No data","","","",""
"RSUD_650","PUBLISHED","2014","AFR","SSD","IN_THE_CAPITAL_CITY","No data","","","",""
"RSUD_650","PUBLISHED","2014","AFR","SSD","IN_OTHER_MAJOR_CITIES","No data","","","",""
"RSUD_650","PUBLISHED","2014","AFR","SSD","IN_OTHER_AREAS","No data","","","",""
"RSUD_650","PUBLISHED","2014","AFR","STP","IN_THE_CAPITAL_CITY","No data","","","",""
"RSUD_650","PUBLISHED","2014","AFR","STP","IN_OTHER_MAJOR_CITIES","No data","","","",""
"RSUD_650","PUBLISHED","2014","AFR","STP","IN_OTHER_AREAS","No data","","","",""
"RSUD_650","PUBLISHED","2014","EUR","SVK","IN_OTHER_MAJOR_CITIES","No data","","","",""
"RSUD_650","PUBLISHED","2014","EUR","SWE","IN_OTHER_AREAS","No data","","","",""
"RSUD_650","PUBLISHED","2014","EUR","TJK","IN_OTHER_MAJOR_CITIES","No data","","","",""
"RSUD_650","PUBLISHED","2014","EUR","TJK","IN_OTHER_AREAS","No data","","","",""
"RSUD_650","PUBLISHED","2014","EUR","TKM","IN_THE_CAPITAL_CITY","No data","","","",""
"RSUD_650","PUBLISHED","2014","EUR","TKM","IN_OTHER_MAJOR_CITIES","No data","","","",""
"RSUD_650","PUBLISHED","2014","EUR","TKM","IN_OTHER_AREAS","No data","","","",""
"RSUD_650","PUBLISHED","2014","SEAR","TLS","IN_THE_CAPITAL_CITY","No data","","","",""
"RSUD_650","PUBLISHED","2014","SEAR","TLS","IN_OTHER_MAJOR_CITIES","No data","","","",""
"RSUD_650","PUBLISHED","2014","SEAR","TLS","IN_OTHER_AREAS","No data","","","",""
"RSUD_650","PUBLISHED","2014","WPR","TON","IN_THE_CAPITAL_CITY","No data","","","",""
"RSUD_650","PUBLISHED","2014","WPR","TON","IN_OTHER_MAJOR_CITIES","No data","","","",""
"RSUD_650","PUBLISHED","2014","WPR","TON","IN_OTHER_AREAS","No data","","","",""
"RSUD_650","PUBLISHED","2014","WPR","TUV","IN_THE_CAPITAL_CITY","No data","","","",""
"RSUD_650","PUBLISHED","2014","WPR","TUV","IN_OTHER_MAJOR_CITIES","No data","","","",""
"RSUD_650","PUBLISHED","2014","WPR","TUV","IN_OTHER_AREAS","No data","","","",""
"RSUD_650","PUBLISHED","2014","AMR","URY","IN_OTHER_MAJOR_CITIES","No data","","","",""
"RSUD_650","PUBLISHED","2014","AMR","URY","IN_OTHER_AREAS","No data","","","",""
"RSUD_650","PUBLISHED","2014","AMR","VCT","IN_THE_CAPITAL_CITY","No data","","","",""
"RSUD_650","PUBLISHED","2014","AMR","VCT","IN_OTHER_MAJOR_CITIES","No data","","","",""
"RSUD_650","PUBLISHED","2014","AMR","VCT","IN_OTHER_AREAS","No data","","","",""
"RSUD_650","PUBLISHED","2014","AMR","VEN","IN_THE_CAPITAL_CITY","No data","","","",""
"RSUD_650","PUBLISHED","2014","AMR","VEN","IN_OTHER_MAJOR_CITIES","No data","","","",""
"RSUD_650","PUBLISHED","2014","AMR","VEN","IN_OTHER_AREAS","No data","","","",""
"RSUD_650","PUBLISHED","2014","WPR","WSM","IN_THE_CAPITAL_CITY","No data","","","",""
"RSUD_650","PUBLISHED","2014","WPR","WSM","IN_OTHER_MAJOR_CITIES","No data","","","",""
"RSUD_650","PUBLISHED","2014","WPR","WSM","IN_OTHER_AREAS","No data","","","",""
