"GHO","PUBLISHSTATE","YEAR","REGION","COUNTRY","Display Value","Numeric","Low","High","Comments"
"SDGIHR","PUBLISHED","2017","WPR","LAO","No data","","","","Data were submitted in a format that could not be included in the analysis"
"SDGIHR","PUBLISHED","2017","AMR","JAM","No data","","","","Data were submitted in a format that could not be included in the analysis"
"SDGIHR","PUBLISHED","2017","AFR","DZA","75","75.28672","","",""
"SDGIHR","PUBLISHED","2017","AFR","AGO","75","75.23131","","",""
"SDGIHR","PUBLISHED","2017","AFR","BEN","30","30.31163","","",""
"SDGIHR","PUBLISHED","2017","AFR","BWA","42","42.08349","","",""
"SDGIHR","PUBLISHED","2017","AFR","BFA","45","44.73519","","",""
"SDGIHR","PUBLISHED","2017","AFR","BDI","25","24.89843","","",""
"SDGIHR","PUBLISHED","2017","AFR","CMR","57","57.35698","","",""
"SDGIHR","PUBLISHED","2017","AFR","CPV","65","64.51923","","",""
"SDGIHR","PUBLISHED","2017","AFR","CAF","27","26.88327","","",""
"SDGIHR","PUBLISHED","2017","AFR","TCD","44","44.47054","","",""
"SDGIHR","PUBLISHED","2017","AFR","COM","37","37.36737","","",""
"SDGIHR","PUBLISHED","2017","AFR","COG","31","30.72331","","",""
"SDGIHR","PUBLISHED","2017","AFR","CIV","87","86.59348","","",""
"SDGIHR","PUBLISHED","2017","AFR","COD","65","65.21345","","",""
"SDGIHR","PUBLISHED","2017","AFR","GNQ","27","26.82054","","",""
"SDGIHR","PUBLISHED","2017","AFR","ERI","49","49.28016","","",""
"SDGIHR","PUBLISHED","2017","AFR","ETH","79","79.11332","","",""
"SDGIHR","PUBLISHED","2017","AFR","GAB","52","51.68062","","",""
"SDGIHR","PUBLISHED","2017","AFR","GMB","27","27.16959","","",""
"SDGIHR","PUBLISHED","2017","AFR","GHA","74","73.70528","","",""
"SDGIHR","PUBLISHED","2017","AFR","GNB","53","53.43740","","",""
"SDGIHR","PUBLISHED","2017","AFR","GIN","59","59.48091","","",""
"SDGIHR","PUBLISHED","2017","AFR","KEN","58","57.70173","","",""
"SDGIHR","PUBLISHED","2017","AFR","LSO","62","62.03581","","",""
"SDGIHR","PUBLISHED","2017","AFR","LBR","76","75.60322","","",""
"SDGIHR","PUBLISHED","2017","AFR","MDG","43","42.63219","","",""
"SDGIHR","PUBLISHED","2017","AFR","MWI","56","56.13057","","",""
"SDGIHR","PUBLISHED","2017","AFR","MLI","40","40.15007","","",""
"SDGIHR","PUBLISHED","2017","AFR","MRT","32","31.59345","","",""
"SDGIHR","PUBLISHED","2017","AFR","MUS","71","70.73044","","",""
"SDGIHR","PUBLISHED","2017","AFR","MOZ","69","68.90454","","",""
"SDGIHR","PUBLISHED","2017","AFR","NAM","79","78.52735","","",""
"SDGIHR","PUBLISHED","2017","AFR","NER","74","73.55179","","",""
"SDGIHR","PUBLISHED","2017","AFR","NGA","51","50.60997","","",""
"SDGIHR","PUBLISHED","2017","AFR","RWA","66","66.05677","","",""
"SDGIHR","PUBLISHED","2017","AFR","STP","16","15.91339","","",""
"SDGIHR","PUBLISHED","2017","AFR","SEN","44","44.36037","","",""
"SDGIHR","PUBLISHED","2017","AFR","SYC","87","86.89439","","",""
"SDGIHR","PUBLISHED","2017","AFR","SLE","70","69.55711","","",""
"SDGIHR","PUBLISHED","2017","AFR","ZAF","91","90.58858","","",""
"SDGIHR","PUBLISHED","2017","AFR","SSD","34","34.39963","","",""
"SDGIHR","PUBLISHED","2017","AFR","SWZ","75","74.64040","","",""
"SDGIHR","PUBLISHED","2017","AFR","TZA","69","69.14708","","",""
"SDGIHR","PUBLISHED","2017","AFR","TGO","64","64.39920","","",""
"SDGIHR","PUBLISHED","2017","AFR","UGA","58","58.39556","","",""
"SDGIHR","PUBLISHED","2017","AFR","ZMB","64","63.72115","","",""
"SDGIHR","PUBLISHED","2017","AFR","ZWE","72","72.26451","","",""
"SDGIHR","PUBLISHED","2017","AMR","ATG","71","70.78790","","",""
"SDGIHR","PUBLISHED","2017","AMR","ARG","70","70.22102","","",""
"SDGIHR","PUBLISHED","2017","AMR","BHS","78","77.78353","","",""
"SDGIHR","PUBLISHED","2017","AMR","BRB","92","91.94527","","",""
"SDGIHR","PUBLISHED","2017","AMR","BOL","76","76.38551","","",""
"SDGIHR","PUBLISHED","2017","AMR","BRA","96","96.14100","","",""
"SDGIHR","PUBLISHED","2017","AMR","CAN","100","100.00000","","",""
"SDGIHR","PUBLISHED","2017","AMR","CHL","84","83.64106","","",""
"SDGIHR","PUBLISHED","2017","AMR","COL","88","88.15664","","",""
"SDGIHR","PUBLISHED","2017","AMR","CRI","87","87.15872","","",""
"SDGIHR","PUBLISHED","2017","AMR","CUB","99","99.30070","","",""
"SDGIHR","PUBLISHED","2017","AMR","DMA","62","61.65546","","",""
"SDGIHR","PUBLISHED","2017","AMR","DOM","55","54.89981","","",""
"SDGIHR","PUBLISHED","2017","AMR","SLV","93","92.51556","","",""
"SDGIHR","PUBLISHED","2017","AMR","ECU","81","80.97910","","",""
"SDGIHR","PUBLISHED","2017","AMR","GUY","89","88.61395","","",""
"SDGIHR","PUBLISHED","2017","AMR","HTI","61","61.47323","","",""
"SDGIHR","PUBLISHED","2017","AMR","HND","70","70.06648","","",""
"SDGIHR","PUBLISHED","2017","AMR","MEX","94","94.48285","","",""
"SDGIHR","PUBLISHED","2017","AMR","NIC","91","91.01085","","",""
"SDGIHR","PUBLISHED","2017","AMR","PAN","76","75.69974","","",""
"SDGIHR","PUBLISHED","2017","AMR","PRY","77","77.32249","","",""
"SDGIHR","PUBLISHED","2017","AMR","PER","66","65.84124","","",""
"SDGIHR","PUBLISHED","2017","AMR","KNA","52","51.62214","","",""
"SDGIHR","PUBLISHED","2017","AMR","SUR","72","71.50659","","",""
"SDGIHR","PUBLISHED","2017","AMR","TTO","72","71.64085","","",""
"SDGIHR","PUBLISHED","2017","AMR","URY","87","87.31950","","",""
"SDGIHR","PUBLISHED","2017","AMR","USA","100","100.00000","","",""
"SDGIHR","PUBLISHED","2017","AMR","VEN","94","94.30275","","",""
"SDGIHR","PUBLISHED","2017","EMR","AFG","42","41.78270","","",""
"SDGIHR","PUBLISHED","2017","EMR","BHR","93","93.04323","","",""
"SDGIHR","PUBLISHED","2017","EMR","DJI","33","33.17500","","",""
"SDGIHR","PUBLISHED","2017","EMR","EGY","96","96.39546","","",""
"SDGIHR","PUBLISHED","2017","EMR","IRN","76","76.22517","","",""
"SDGIHR","PUBLISHED","2017","EMR","IRQ","89","88.88033","","",""
"SDGIHR","PUBLISHED","2017","EMR","JOR","72","72.28670","","",""
"SDGIHR","PUBLISHED","2017","EMR","KWT","85","84.86283","","",""
"SDGIHR","PUBLISHED","2017","EMR","LBN","80","79.99830","","",""
"SDGIHR","PUBLISHED","2017","EMR","LBY","64","63.56529","","",""
"SDGIHR","PUBLISHED","2017","EMR","MAR","95","95.28002","","",""
"SDGIHR","PUBLISHED","2017","EMR","OMN","90","90.02331","","",""
"SDGIHR","PUBLISHED","2017","EMR","PAK","51","51.04112","","",""
"SDGIHR","PUBLISHED","2017","EMR","QAT","76","75.56320","","",""
"SDGIHR","PUBLISHED","2017","EMR","SAU","99","98.79057","","",""
"SDGIHR","PUBLISHED","2017","EMR","SOM","29","29.30403","","",""
"SDGIHR","PUBLISHED","2017","EMR","SDN","67","67.19905","","",""
"SDGIHR","PUBLISHED","2017","EMR","SYR","64","64.04382","","",""
"SDGIHR","PUBLISHED","2017","EMR","TUN","57","57.42388","","",""
"SDGIHR","PUBLISHED","2017","EMR","ARE","97","96.78419","","",""
"SDGIHR","PUBLISHED","2017","EMR","YEM","48","48.32332","","",""
"SDGIHR","PUBLISHED","2017","EUR","ALB","46","45.76656","","",""
"SDGIHR","PUBLISHED","2017","EUR","AND","29","29.03694","","",""
"SDGIHR","PUBLISHED","2017","EUR","ARM","95","95.33560","","",""
"SDGIHR","PUBLISHED","2017","EUR","AUT","68","68.21569","","",""
"SDGIHR","PUBLISHED","2017","EUR","BEL","83","82.90359","","",""
"SDGIHR","PUBLISHED","2017","EUR","BIH","58","57.98547","","",""
"SDGIHR","PUBLISHED","2017","EUR","HRV","71","70.57078","","",""
"SDGIHR","PUBLISHED","2017","EUR","CYP","96","95.64103","","",""
"SDGIHR","PUBLISHED","2017","EUR","CZE","94","93.82146","","",""
"SDGIHR","PUBLISHED","2017","EUR","DNK","90","89.58557","","",""
"SDGIHR","PUBLISHED","2017","EUR","EST","70","70.01811","","",""
"SDGIHR","PUBLISHED","2017","EUR","FRA","89","89.40559","","",""
"SDGIHR","PUBLISHED","2017","EUR","GEO","74","73.60889","","",""
"SDGIHR","PUBLISHED","2017","EUR","DEU","97","96.53846","","",""
"SDGIHR","PUBLISHED","2017","EUR","HUN","82","81.88941","","",""
"SDGIHR","PUBLISHED","2017","EUR","ISL","72","72.19752","","",""
"SDGIHR","PUBLISHED","2017","EUR","LVA","90","89.86047","","",""
"SDGIHR","PUBLISHED","2017","EUR","LTU","77","76.85833","","",""
"SDGIHR","PUBLISHED","2017","EUR","LUX","88","88.41447","","",""
"SDGIHR","PUBLISHED","2017","EUR","MKD","90","90.14165","","",""
"SDGIHR","PUBLISHED","2017","EUR","MLT","79","78.56180","","",""
"SDGIHR","PUBLISHED","2017","EUR","MCO","81","81.24149","","",""
"SDGIHR","PUBLISHED","2017","EUR","MNE","56","55.80356","","",""
"SDGIHR","PUBLISHED","2017","EUR","NLD","95","94.60059","","",""
"SDGIHR","PUBLISHED","2017","EUR","NOR","99","99.40828","","",""
"SDGIHR","PUBLISHED","2017","EUR","POL","74","73.75013","","",""
"SDGIHR","PUBLISHED","2017","EUR","PRT","91","90.82395","","",""
"SDGIHR","PUBLISHED","2017","EUR","ROU","76","76.19560","","",""
"SDGIHR","PUBLISHED","2017","EUR","SMR","61","61.05894","","",""
"SDGIHR","PUBLISHED","2017","EUR","SRB","44","43.90568","","",""
"SDGIHR","PUBLISHED","2017","EUR","SVK","95","94.85941","","",""
"SDGIHR","PUBLISHED","2017","EUR","SVN","77","77.30682","","",""
"SDGIHR","PUBLISHED","2017","EUR","ESP","95","94.84784","","",""
"SDGIHR","PUBLISHED","2017","EUR","SWE","93","92.71128","","",""
"SDGIHR","PUBLISHED","2017","EUR","CHE","91","91.27872","","",""
"SDGIHR","PUBLISHED","2017","EUR","TUR","88","87.59634","","",""
"SDGIHR","PUBLISHED","2017","EUR","GBR","89","89.37915","","",""
"SDGIHR","PUBLISHED","2017","EUR","UKR","49","49.49854","","",""
"SDGIHR","PUBLISHED","2017","SEAR","BGD","78","77.74591","","",""
"SDGIHR","PUBLISHED","2017","SEAR","BTN","73","73.39328","","",""
"SDGIHR","PUBLISHED","2017","SEAR","PRK","67","66.81925","","",""
"SDGIHR","PUBLISHED","2017","SEAR","IND","95","95.27778","","",""
"SDGIHR","PUBLISHED","2017","SEAR","IDN","99","98.92751","","",""
"SDGIHR","PUBLISHED","2017","SEAR","MDV","63","62.53817","","",""
"SDGIHR","PUBLISHED","2017","SEAR","MMR","62","62.18526","","",""
"SDGIHR","PUBLISHED","2017","SEAR","NPL","22","22.41633","","",""
"SDGIHR","PUBLISHED","2017","SEAR","LKA","76","75.74534","","",""
"SDGIHR","PUBLISHED","2017","SEAR","THA","97","97.07459","","",""
"SDGIHR","PUBLISHED","2017","WPR","AUS","100","99.67949","","",""
"SDGIHR","PUBLISHED","2017","WPR","BRN","67","67.16072","","",""
"SDGIHR","PUBLISHED","2017","WPR","KHM","81","80.65395","","",""
"SDGIHR","PUBLISHED","2017","WPR","CHN","100","100.00000","","",""
"SDGIHR","PUBLISHED","2017","WPR","COK","43","43.14556","","",""
"SDGIHR","PUBLISHED","2017","WPR","JPN","100","99.57265","","",""
"SDGIHR","PUBLISHED","2017","WPR","MHL","57","56.95815","","",""
"SDGIHR","PUBLISHED","2017","WPR","FSM","86","85.77775","","",""
"SDGIHR","PUBLISHED","2017","WPR","MNG","87","86.70353","","",""
"SDGIHR","PUBLISHED","2017","WPR","NZL","98","98.22844","","",""
"SDGIHR","PUBLISHED","2017","WPR","PLW","91","91.48205","","",""
"SDGIHR","PUBLISHED","2017","WPR","PHL","81","81.34406","","",""
"SDGIHR","PUBLISHED","2017","WPR","KOR","98","97.89530","","",""
"SDGIHR","PUBLISHED","2017","WPR","SGP","99","99.40828","","",""
"SDGIHR","PUBLISHED","2017","WPR","SLB","57","56.91624","","",""
"SDGIHR","PUBLISHED","2017","WPR","TUV","54","54.15183","","",""
"SDGIHR","PUBLISHED","2017","WPR","VUT","35","34.69003","","",""
"SDGIHR","PUBLISHED","2017","WPR","VNM","95","95.21181","","",""
"SDGIHR","PUBLISHED","2010","EMR","AFG","45","45.00000","","",""
"SDGIHR","PUBLISHED","2011","EMR","AFG","25","25.00000","","",""
"SDGIHR","PUBLISHED","2012","EMR","AFG","25","25.00000","","",""
"SDGIHR","PUBLISHED","2013","EMR","AFG","36","36.00000","","",""
"SDGIHR","PUBLISHED","2014","EMR","AFG","46","46.00000","","",""
"SDGIHR","PUBLISHED","2015","EMR","AFG","43","43.00000","","",""
"SDGIHR","PUBLISHED","2016","EMR","AFG","42","42.00000","","",""
"SDGIHR","PUBLISHED","2010","AFR","DZA","51","51.00000","","",""
"SDGIHR","PUBLISHED","2011","AFR","DZA","11","11.00000","","",""
"SDGIHR","PUBLISHED","2012","AFR","DZA","19","19.00000","","",""
"SDGIHR","PUBLISHED","2013","AFR","DZA","40","40.00000","","",""
"SDGIHR","PUBLISHED","2014","AFR","DZA","71","71.00000","","",""
"SDGIHR","PUBLISHED","2015","AFR","DZA","72","72.00000","","",""
"SDGIHR","PUBLISHED","2016","AFR","DZA","73","73.00000","","",""
"SDGIHR","PUBLISHED","2010","EUR","AND","36","36.00000","","",""
"SDGIHR","PUBLISHED","2011","EUR","AND","29","29.00000","","",""
"SDGIHR","PUBLISHED","2012","EUR","AND","31","31.00000","","",""
"SDGIHR","PUBLISHED","2013","EUR","AND","20","20.00000","","",""
"SDGIHR","PUBLISHED","2014","EUR","AND","29","29.00000","","",""
"SDGIHR","PUBLISHED","2015","EUR","AND","29","29.00000","","",""
"SDGIHR","PUBLISHED","2016","EUR","AND","42","42.00000","","",""
"SDGIHR","PUBLISHED","2011","AFR","AGO","41","41.00000","","",""
"SDGIHR","PUBLISHED","2013","AFR","AGO","41","41.00000","","",""
"SDGIHR","PUBLISHED","2014","AFR","AGO","18","18.00000","","",""
"SDGIHR","PUBLISHED","2010","AMR","ATG","66","66.00000","","",""
"SDGIHR","PUBLISHED","2011","AMR","ATG","53","53.00000","","",""
"SDGIHR","PUBLISHED","2012","AMR","ATG","72","72.00000","","",""
"SDGIHR","PUBLISHED","2013","AMR","ATG","73","73.00000","","",""
"SDGIHR","PUBLISHED","2014","AMR","ATG","85","85.00000","","",""
"SDGIHR","PUBLISHED","2015","AMR","ATG","87","87.00000","","",""
"SDGIHR","PUBLISHED","2016","AMR","ATG","81","81.00000","","",""
"SDGIHR","PUBLISHED","2011","AMR","ARG","67","67.00000","","",""
"SDGIHR","PUBLISHED","2012","AMR","ARG","71","71.00000","","",""
"SDGIHR","PUBLISHED","2013","AMR","ARG","75","75.00000","","",""
"SDGIHR","PUBLISHED","2014","AMR","ARG","80","80.00000","","",""
"SDGIHR","PUBLISHED","2015","AMR","ARG","83","83.00000","","",""
"SDGIHR","PUBLISHED","2016","AMR","ARG","76","76.00000","","",""
"SDGIHR","PUBLISHED","2010","EUR","ARM","75","75.00000","","",""
"SDGIHR","PUBLISHED","2011","EUR","ARM","76","76.00000","","",""
"SDGIHR","PUBLISHED","2012","EUR","ARM","89","89.00000","","",""
"SDGIHR","PUBLISHED","2013","EUR","ARM","92","92.00000","","",""
"SDGIHR","PUBLISHED","2014","EUR","ARM","94","94.00000","","",""
"SDGIHR","PUBLISHED","2015","EUR","ARM","96","96.00000","","",""
"SDGIHR","PUBLISHED","2010","WPR","AUS","93","93.00000","","",""
"SDGIHR","PUBLISHED","2011","WPR","AUS","95","95.00000","","",""
"SDGIHR","PUBLISHED","2012","WPR","AUS","99","99.00000","","",""
"SDGIHR","PUBLISHED","2013","WPR","AUS","98","98.00000","","",""
"SDGIHR","PUBLISHED","2014","WPR","AUS","99","99.00000","","",""
"SDGIHR","PUBLISHED","2015","WPR","AUS","100","100.00000","","",""
"SDGIHR","PUBLISHED","2016","WPR","AUS","100","100.00000","","",""
"SDGIHR","PUBLISHED","2010","EUR","AUT","86","86.00000","","",""
"SDGIHR","PUBLISHED","2011","EUR","AUT","96","96.00000","","",""
"SDGIHR","PUBLISHED","2012","EUR","AUT","93","93.00000","","",""
"SDGIHR","PUBLISHED","2013","EUR","AUT","90","90.00000","","",""
"SDGIHR","PUBLISHED","2014","EUR","AUT","91","91.00000","","",""
"SDGIHR","PUBLISHED","2015","EUR","AUT","87","87.00000","","",""
"SDGIHR","PUBLISHED","2016","EUR","AUT","87","87.00000","","",""
"SDGIHR","PUBLISHED","2010","EUR","AZE","53","53.00000","","",""
"SDGIHR","PUBLISHED","2011","EUR","AZE","79","79.00000","","",""
"SDGIHR","PUBLISHED","2013","EUR","AZE","84","84.00000","","",""
"SDGIHR","PUBLISHED","2014","EUR","AZE","84","84.00000","","",""
"SDGIHR","PUBLISHED","2010","AMR","BHS","59","59.00000","","",""
"SDGIHR","PUBLISHED","2011","AMR","BHS","57","57.00000","","",""
"SDGIHR","PUBLISHED","2014","AMR","BHS","61","61.00000","","",""
"SDGIHR","PUBLISHED","2015","AMR","BHS","59","59.00000","","",""
"SDGIHR","PUBLISHED","2016","AMR","BHS","75","75.00000","","",""
"SDGIHR","PUBLISHED","2010","EMR","BHR","67","67.00000","","",""
"SDGIHR","PUBLISHED","2011","EMR","BHR","73","73.00000","","",""
"SDGIHR","PUBLISHED","2012","EMR","BHR","85","85.00000","","",""
"SDGIHR","PUBLISHED","2013","EMR","BHR","84","84.00000","","",""
"SDGIHR","PUBLISHED","2014","EMR","BHR","92","92.00000","","",""
"SDGIHR","PUBLISHED","2015","EMR","BHR","96","96.00000","","",""
"SDGIHR","PUBLISHED","2016","EMR","BHR","96","96.00000","","",""
"SDGIHR","PUBLISHED","2010","SEAR","BGD","68","68.00000","","",""
"SDGIHR","PUBLISHED","2011","SEAR","BGD","60","60.00000","","",""
"SDGIHR","PUBLISHED","2012","SEAR","BGD","67","67.00000","","",""
"SDGIHR","PUBLISHED","2013","SEAR","BGD","77","77.00000","","",""
"SDGIHR","PUBLISHED","2014","SEAR","BGD","82","82.00000","","",""
"SDGIHR","PUBLISHED","2015","SEAR","BGD","85","85.00000","","",""
"SDGIHR","PUBLISHED","2016","SEAR","BGD","76","76.00000","","",""
"SDGIHR","PUBLISHED","2010","AMR","BRB","60","60.00000","","",""
"SDGIHR","PUBLISHED","2011","AMR","BRB","73","73.00000","","",""
"SDGIHR","PUBLISHED","2012","AMR","BRB","69","69.00000","","",""
"SDGIHR","PUBLISHED","2013","AMR","BRB","78","78.00000","","",""
"SDGIHR","PUBLISHED","2014","AMR","BRB","71","71.00000","","",""
"SDGIHR","PUBLISHED","2015","AMR","BRB","90","90.00000","","",""
"SDGIHR","PUBLISHED","2016","AMR","BRB","84","84.00000","","",""
"SDGIHR","PUBLISHED","2011","EUR","BLR","73","73.00000","","",""
"SDGIHR","PUBLISHED","2014","EUR","BLR","90","90.00000","","",""
"SDGIHR","PUBLISHED","2010","EUR","BEL","74","74.00000","","",""
"SDGIHR","PUBLISHED","2011","EUR","BEL","74","74.00000","","",""
"SDGIHR","PUBLISHED","2012","EUR","BEL","82","82.00000","","",""
"SDGIHR","PUBLISHED","2013","EUR","BEL","81","81.00000","","",""
"SDGIHR","PUBLISHED","2014","EUR","BEL","82","82.00000","","",""
"SDGIHR","PUBLISHED","2015","EUR","BEL","82","82.00000","","",""
"SDGIHR","PUBLISHED","2016","EUR","BEL","82","82.00000","","",""
"SDGIHR","PUBLISHED","2010","AMR","BLZ","32","32.00000","","",""
"SDGIHR","PUBLISHED","2011","AMR","BLZ","47","47.00000","","",""
"SDGIHR","PUBLISHED","2012","AMR","BLZ","49","49.00000","","",""
"SDGIHR","PUBLISHED","2013","AMR","BLZ","43","43.00000","","",""
"SDGIHR","PUBLISHED","2015","AMR","BLZ","55","55.00000","","",""
"SDGIHR","PUBLISHED","2010","AFR","BEN","57","57.00000","","",""
"SDGIHR","PUBLISHED","2011","AFR","BEN","46","46.00000","","",""
"SDGIHR","PUBLISHED","2012","AFR","BEN","43","43.00000","","",""
"SDGIHR","PUBLISHED","2014","AFR","BEN","44","44.00000","","",""
"SDGIHR","PUBLISHED","2016","AFR","BEN","28","28.00000","","",""
"SDGIHR","PUBLISHED","2010","SEAR","BTN","29","29.00000","","",""
"SDGIHR","PUBLISHED","2011","SEAR","BTN","50","50.00000","","",""
"SDGIHR","PUBLISHED","2013","SEAR","BTN","35","35.00000","","",""
"SDGIHR","PUBLISHED","2014","SEAR","BTN","59","59.00000","","",""
"SDGIHR","PUBLISHED","2015","SEAR","BTN","65","65.00000","","",""
"SDGIHR","PUBLISHED","2016","SEAR","BTN","76","76.00000","","",""
"SDGIHR","PUBLISHED","2011","AMR","BOL","35","35.00000","","",""
"SDGIHR","PUBLISHED","2012","AMR","BOL","57","57.00000","","",""
"SDGIHR","PUBLISHED","2013","AMR","BOL","64","64.00000","","",""
"SDGIHR","PUBLISHED","2014","AMR","BOL","61","61.00000","","",""
"SDGIHR","PUBLISHED","2015","AMR","BOL","67","67.00000","","",""
"SDGIHR","PUBLISHED","2016","AMR","BOL","77","77.00000","","",""
"SDGIHR","PUBLISHED","2010","EUR","BIH","38","38.00000","","",""
"SDGIHR","PUBLISHED","2011","EUR","BIH","45","45.00000","","",""
"SDGIHR","PUBLISHED","2014","EUR","BIH","56","56.00000","","",""
"SDGIHR","PUBLISHED","2015","EUR","BIH","55","55.00000","","",""
"SDGIHR","PUBLISHED","2016","EUR","BIH","57","57.00000","","",""
"SDGIHR","PUBLISHED","2010","AFR","BWA","47","47.00000","","",""
"SDGIHR","PUBLISHED","2013","AFR","BWA","35","35.00000","","",""
"SDGIHR","PUBLISHED","2015","AFR","BWA","56","56.00000","","",""
"SDGIHR","PUBLISHED","2010","AMR","BRA","53","53.00000","","",""
"SDGIHR","PUBLISHED","2011","AMR","BRA","81","81.00000","","",""
"SDGIHR","PUBLISHED","2013","AMR","BRA","89","89.00000","","",""
"SDGIHR","PUBLISHED","2014","AMR","BRA","96","96.00000","","",""
"SDGIHR","PUBLISHED","2015","AMR","BRA","97","97.00000","","",""
"SDGIHR","PUBLISHED","2016","AMR","BRA","97","97.00000","","",""
"SDGIHR","PUBLISHED","2010","WPR","BRN","51","51.00000","","",""
"SDGIHR","PUBLISHED","2011","WPR","BRN","54","54.00000","","",""
"SDGIHR","PUBLISHED","2012","WPR","BRN","68","68.00000","","",""
"SDGIHR","PUBLISHED","2013","WPR","BRN","82","82.00000","","",""
"SDGIHR","PUBLISHED","2014","WPR","BRN","88","88.00000","","",""
"SDGIHR","PUBLISHED","2015","WPR","BRN","91","91.00000","","",""
"SDGIHR","PUBLISHED","2011","EUR","BGR","62","62.00000","","",""
"SDGIHR","PUBLISHED","2014","EUR","BGR","69","69.00000","","",""
"SDGIHR","PUBLISHED","2012","AFR","BFA","42","42.00000","","",""
"SDGIHR","PUBLISHED","2013","AFR","BFA","64","64.00000","","",""
"SDGIHR","PUBLISHED","2014","AFR","BFA","50","50.00000","","",""
"SDGIHR","PUBLISHED","2011","AFR","BDI","15","15.00000","","",""
"SDGIHR","PUBLISHED","2012","AFR","BDI","39","39.00000","","",""
"SDGIHR","PUBLISHED","2013","AFR","BDI","36","36.00000","","",""
"SDGIHR","PUBLISHED","2014","AFR","BDI","62","62.00000","","",""
"SDGIHR","PUBLISHED","2015","AFR","BDI","56","56.00000","","",""
"SDGIHR","PUBLISHED","2016","AFR","BDI","62","62.00000","","",""
"SDGIHR","PUBLISHED","2010","AFR","CPV","58","58.00000","","",""
"SDGIHR","PUBLISHED","2016","AFR","CPV","62","62.00000","","",""
"SDGIHR","PUBLISHED","2010","WPR","KHM","46","46.00000","","",""
"SDGIHR","PUBLISHED","2011","WPR","KHM","49","49.00000","","",""
"SDGIHR","PUBLISHED","2012","WPR","KHM","49","49.00000","","",""
"SDGIHR","PUBLISHED","2013","WPR","KHM","42","42.00000","","",""
"SDGIHR","PUBLISHED","2014","WPR","KHM","41","41.00000","","",""
"SDGIHR","PUBLISHED","2015","WPR","KHM","50","50.00000","","",""
"SDGIHR","PUBLISHED","2016","WPR","KHM","55","55.00000","","",""
"SDGIHR","PUBLISHED","2010","AFR","CMR","46","46.00000","","",""
"SDGIHR","PUBLISHED","2011","AFR","CMR","65","65.00000","","",""
"SDGIHR","PUBLISHED","2012","AFR","CMR","65","65.00000","","",""
"SDGIHR","PUBLISHED","2013","AFR","CMR","89","89.00000","","",""
"SDGIHR","PUBLISHED","2014","AFR","CMR","91","91.00000","","",""
"SDGIHR","PUBLISHED","2016","AFR","CMR","54","54.00000","","",""
"SDGIHR","PUBLISHED","2010","AMR","CAN","71","71.00000","","",""
"SDGIHR","PUBLISHED","2011","AMR","CAN","95","95.00000","","",""
"SDGIHR","PUBLISHED","2012","AMR","CAN","98","98.00000","","",""
"SDGIHR","PUBLISHED","2013","AMR","CAN","99","99.00000","","",""
"SDGIHR","PUBLISHED","2014","AMR","CAN","100","100.00000","","",""
"SDGIHR","PUBLISHED","2015","AMR","CAN","100","100.00000","","",""
"SDGIHR","PUBLISHED","2016","AMR","CAN","100","100.00000","","",""
"SDGIHR","PUBLISHED","2011","AFR","CAF","28","28.00000","","",""
"SDGIHR","PUBLISHED","2013","AFR","CAF","19","19.00000","","",""
"SDGIHR","PUBLISHED","2014","AFR","CAF","24","24.00000","","",""
"SDGIHR","PUBLISHED","2016","AFR","CAF","29","29.00000","","",""
"SDGIHR","PUBLISHED","2011","AFR","TCD","28","28.00000","","",""
"SDGIHR","PUBLISHED","2013","AFR","TCD","34","34.00000","","",""
"SDGIHR","PUBLISHED","2015","AFR","TCD","40","40.00000","","",""
"SDGIHR","PUBLISHED","2016","AFR","TCD","40","40.00000","","",""
"SDGIHR","PUBLISHED","2011","AMR","CHL","87","87.00000","","",""
"SDGIHR","PUBLISHED","2012","AMR","CHL","66","66.00000","","",""
"SDGIHR","PUBLISHED","2013","AMR","CHL","73","73.00000","","",""
"SDGIHR","PUBLISHED","2014","AMR","CHL","72","72.00000","","",""
"SDGIHR","PUBLISHED","2015","AMR","CHL","75","75.00000","","",""
"SDGIHR","PUBLISHED","2016","AMR","CHL","79","79.00000","","",""
"SDGIHR","PUBLISHED","2010","WPR","CHN","87","87.00000","","",""
"SDGIHR","PUBLISHED","2011","WPR","CHN","89","89.00000","","",""
"SDGIHR","PUBLISHED","2012","WPR","CHN","86","86.00000","","",""
"SDGIHR","PUBLISHED","2013","WPR","CHN","94","94.00000","","",""
"SDGIHR","PUBLISHED","2014","WPR","CHN","98","98.00000","","",""
"SDGIHR","PUBLISHED","2015","WPR","CHN","99","99.00000","","",""
"SDGIHR","PUBLISHED","2016","WPR","CHN","98","98.00000","","",""
"SDGIHR","PUBLISHED","2010","AMR","COL","78","78.00000","","",""
"SDGIHR","PUBLISHED","2011","AMR","COL","48","48.00000","","",""
"SDGIHR","PUBLISHED","2012","AMR","COL","70","70.00000","","",""
"SDGIHR","PUBLISHED","2013","AMR","COL","74","74.00000","","",""
"SDGIHR","PUBLISHED","2014","AMR","COL","75","75.00000","","",""
"SDGIHR","PUBLISHED","2015","AMR","COL","85","85.00000","","",""
"SDGIHR","PUBLISHED","2016","AMR","COL","89","89.00000","","",""
"SDGIHR","PUBLISHED","2013","AFR","COM","29","29.00000","","",""
"SDGIHR","PUBLISHED","2010","AFR","COG","15","15.00000","","",""
"SDGIHR","PUBLISHED","2011","AFR","COG","57","57.00000","","",""
"SDGIHR","PUBLISHED","2012","AFR","COG","65","65.00000","","",""
"SDGIHR","PUBLISHED","2013","AFR","COG","28","28.00000","","",""
"SDGIHR","PUBLISHED","2016","AFR","COG","44","44.00000","","",""
"SDGIHR","PUBLISHED","2012","WPR","COK","89","89.00000","","",""
"SDGIHR","PUBLISHED","2013","WPR","COK","89","89.00000","","",""
"SDGIHR","PUBLISHED","2015","WPR","COK","67","67.00000","","",""
"SDGIHR","PUBLISHED","2016","WPR","COK","56","56.00000","","",""
"SDGIHR","PUBLISHED","2010","AMR","CRI","77","77.00000","","",""
"SDGIHR","PUBLISHED","2011","AMR","CRI","69","69.00000","","",""
"SDGIHR","PUBLISHED","2012","AMR","CRI","82","82.00000","","",""
"SDGIHR","PUBLISHED","2013","AMR","CRI","89","89.00000","","",""
"SDGIHR","PUBLISHED","2014","AMR","CRI","89","89.00000","","",""
"SDGIHR","PUBLISHED","2015","AMR","CRI","82","82.00000","","",""
"SDGIHR","PUBLISHED","2016","AMR","CRI","86","86.00000","","",""
"SDGIHR","PUBLISHED","2011","AFR","CIV","52","52.00000","","",""
"SDGIHR","PUBLISHED","2013","AFR","CIV","87","87.00000","","",""
"SDGIHR","PUBLISHED","2016","AFR","CIV","78","78.00000","","",""
"SDGIHR","PUBLISHED","2010","EUR","HRV","95","95.00000","","",""
"SDGIHR","PUBLISHED","2011","EUR","HRV","95","95.00000","","",""
"SDGIHR","PUBLISHED","2013","EUR","HRV","96","96.00000","","",""
"SDGIHR","PUBLISHED","2014","EUR","HRV","66","66.00000","","",""
"SDGIHR","PUBLISHED","2015","EUR","HRV","71","71.00000","","",""
"SDGIHR","PUBLISHED","2016","EUR","HRV","71","71.00000","","",""
"SDGIHR","PUBLISHED","2011","AMR","CUB","92","92.00000","","",""
"SDGIHR","PUBLISHED","2012","AMR","CUB","99","99.00000","","",""
"SDGIHR","PUBLISHED","2013","AMR","CUB","99","99.00000","","",""
"SDGIHR","PUBLISHED","2014","AMR","CUB","96","96.00000","","",""
"SDGIHR","PUBLISHED","2015","AMR","CUB","99","99.00000","","",""
"SDGIHR","PUBLISHED","2016","AMR","CUB","99","99.00000","","",""
"SDGIHR","PUBLISHED","2010","EUR","CYP","44","44.00000","","",""
"SDGIHR","PUBLISHED","2011","EUR","CYP","51","51.00000","","",""
"SDGIHR","PUBLISHED","2013","EUR","CYP","67","67.00000","","",""
"SDGIHR","PUBLISHED","2014","EUR","CYP","62","62.00000","","",""
"SDGIHR","PUBLISHED","2016","EUR","CYP","93","93.00000","","",""
"SDGIHR","PUBLISHED","2010","EUR","CZE","86","86.00000","","",""
"SDGIHR","PUBLISHED","2011","EUR","CZE","85","85.00000","","",""
"SDGIHR","PUBLISHED","2012","EUR","CZE","92","92.00000","","",""
"SDGIHR","PUBLISHED","2013","EUR","CZE","88","88.00000","","",""
"SDGIHR","PUBLISHED","2014","EUR","CZE","88","88.00000","","",""
"SDGIHR","PUBLISHED","2015","EUR","CZE","88","88.00000","","",""
"SDGIHR","PUBLISHED","2010","SEAR","PRK","59","59.00000","","",""
"SDGIHR","PUBLISHED","2011","SEAR","PRK","39","39.00000","","",""
"SDGIHR","PUBLISHED","2012","SEAR","PRK","54","54.00000","","",""
"SDGIHR","PUBLISHED","2013","SEAR","PRK","64","64.00000","","",""
"SDGIHR","PUBLISHED","2014","SEAR","PRK","69","69.00000","","",""
"SDGIHR","PUBLISHED","2015","SEAR","PRK","73","73.00000","","",""
"SDGIHR","PUBLISHED","2016","SEAR","PRK","73","73.00000","","",""
"SDGIHR","PUBLISHED","2010","AFR","COD","40","40.00000","","",""
"SDGIHR","PUBLISHED","2011","AFR","COD","60","60.00000","","",""
"SDGIHR","PUBLISHED","2012","AFR","COD","65","65.00000","","",""
"SDGIHR","PUBLISHED","2013","AFR","COD","61","61.00000","","",""
"SDGIHR","PUBLISHED","2014","AFR","COD","69","69.00000","","",""
"SDGIHR","PUBLISHED","2015","AFR","COD","75","75.00000","","",""
"SDGIHR","PUBLISHED","2016","AFR","COD","71","71.00000","","",""
"SDGIHR","PUBLISHED","2010","EUR","DNK","73","73.00000","","",""
"SDGIHR","PUBLISHED","2011","EUR","DNK","75","75.00000","","",""
"SDGIHR","PUBLISHED","2013","EUR","DNK","86","86.00000","","",""
"SDGIHR","PUBLISHED","2014","EUR","DNK","91","91.00000","","",""
"SDGIHR","PUBLISHED","2015","EUR","DNK","91","91.00000","","",""
"SDGIHR","PUBLISHED","2016","EUR","DNK","89","89.00000","","",""
"SDGIHR","PUBLISHED","2012","EMR","DJI","39","39.00000","","",""
"SDGIHR","PUBLISHED","2013","EMR","DJI","43","43.00000","","",""
"SDGIHR","PUBLISHED","2014","EMR","DJI","46","46.00000","","",""
"SDGIHR","PUBLISHED","2010","AMR","DMA","43","43.00000","","",""
"SDGIHR","PUBLISHED","2011","AMR","DMA","57","57.00000","","",""
"SDGIHR","PUBLISHED","2012","AMR","DMA","57","57.00000","","",""
"SDGIHR","PUBLISHED","2013","AMR","DMA","69","69.00000","","",""
"SDGIHR","PUBLISHED","2014","AMR","DMA","69","69.00000","","",""
"SDGIHR","PUBLISHED","2015","AMR","DMA","62","62.00000","","",""
"SDGIHR","PUBLISHED","2016","AMR","DMA","62","62.00000","","",""
"SDGIHR","PUBLISHED","2010","AMR","DOM","52","52.00000","","",""
"SDGIHR","PUBLISHED","2012","AMR","DOM","54","54.00000","","",""
"SDGIHR","PUBLISHED","2013","AMR","DOM","72","72.00000","","",""
"SDGIHR","PUBLISHED","2014","AMR","DOM","73","73.00000","","",""
"SDGIHR","PUBLISHED","2015","AMR","DOM","70","70.00000","","",""
"SDGIHR","PUBLISHED","2016","AMR","DOM","71","71.00000","","",""
"SDGIHR","PUBLISHED","2010","AMR","ECU","41","41.00000","","",""
"SDGIHR","PUBLISHED","2011","AMR","ECU","52","52.00000","","",""
"SDGIHR","PUBLISHED","2012","AMR","ECU","40","40.00000","","",""
"SDGIHR","PUBLISHED","2013","AMR","ECU","44","44.00000","","",""
"SDGIHR","PUBLISHED","2014","AMR","ECU","79","79.00000","","",""
"SDGIHR","PUBLISHED","2015","AMR","ECU","89","89.00000","","",""
"SDGIHR","PUBLISHED","2016","AMR","ECU","81","81.00000","","",""
"SDGIHR","PUBLISHED","2010","EMR","EGY","88","88.00000","","",""
"SDGIHR","PUBLISHED","2011","EMR","EGY","83","83.00000","","",""
"SDGIHR","PUBLISHED","2012","EMR","EGY","82","82.00000","","",""
"SDGIHR","PUBLISHED","2013","EMR","EGY","88","88.00000","","",""
"SDGIHR","PUBLISHED","2014","EMR","EGY","93","93.00000","","",""
"SDGIHR","PUBLISHED","2016","EMR","EGY","94","94.00000","","",""
"SDGIHR","PUBLISHED","2011","AMR","SLV","74","74.00000","","",""
"SDGIHR","PUBLISHED","2012","AMR","SLV","81","81.00000","","",""
"SDGIHR","PUBLISHED","2013","AMR","SLV","90","90.00000","","",""
"SDGIHR","PUBLISHED","2014","AMR","SLV","93","93.00000","","",""
"SDGIHR","PUBLISHED","2015","AMR","SLV","93","93.00000","","",""
"SDGIHR","PUBLISHED","2016","AMR","SLV","94","94.00000","","",""
"SDGIHR","PUBLISHED","2011","AFR","GNQ","1","1.00000","","",""
"SDGIHR","PUBLISHED","2013","AFR","GNQ","27","27.00000","","",""
"SDGIHR","PUBLISHED","2010","AFR","ERI","44","44.00000","","",""
"SDGIHR","PUBLISHED","2011","AFR","ERI","45","45.00000","","",""
"SDGIHR","PUBLISHED","2013","AFR","ERI","59","59.00000","","",""
"SDGIHR","PUBLISHED","2014","AFR","ERI","70","70.00000","","",""
"SDGIHR","PUBLISHED","2015","AFR","ERI","71","71.00000","","",""
"SDGIHR","PUBLISHED","2016","AFR","ERI","49","49.00000","","",""
"SDGIHR","PUBLISHED","2010","EUR","EST","65","65.00000","","",""
"SDGIHR","PUBLISHED","2011","EUR","EST","66","66.00000","","",""
"SDGIHR","PUBLISHED","2012","EUR","EST","64","64.00000","","",""
"SDGIHR","PUBLISHED","2013","EUR","EST","77","77.00000","","",""
"SDGIHR","PUBLISHED","2014","EUR","EST","77","77.00000","","",""
"SDGIHR","PUBLISHED","2015","EUR","EST","72","72.00000","","",""
"SDGIHR","PUBLISHED","2016","EUR","EST","71","71.00000","","",""
"SDGIHR","PUBLISHED","2010","AFR","ETH","40","40.00000","","",""
"SDGIHR","PUBLISHED","2011","AFR","ETH","70","70.00000","","",""
"SDGIHR","PUBLISHED","2012","AFR","ETH","77","77.00000","","",""
"SDGIHR","PUBLISHED","2014","AFR","ETH","77","77.00000","","",""
"SDGIHR","PUBLISHED","2015","AFR","ETH","78","78.00000","","",""
"SDGIHR","PUBLISHED","2016","AFR","ETH","79","79.00000","","",""
"SDGIHR","PUBLISHED","2010","WPR","FJI","31","31.00000","","",""
"SDGIHR","PUBLISHED","2012","WPR","FJI","43","43.00000","","",""
"SDGIHR","PUBLISHED","2013","WPR","FJI","95","95.00000","","",""
"SDGIHR","PUBLISHED","2014","WPR","FJI","98","98.00000","","",""
"SDGIHR","PUBLISHED","2010","EUR","FIN","83","83.00000","","",""
"SDGIHR","PUBLISHED","2011","EUR","FIN","86","86.00000","","",""
"SDGIHR","PUBLISHED","2012","EUR","FIN","96","96.00000","","",""
"SDGIHR","PUBLISHED","2013","EUR","FIN","88","88.00000","","",""
"SDGIHR","PUBLISHED","2014","EUR","FIN","88","88.00000","","",""
"SDGIHR","PUBLISHED","2015","EUR","FIN","96","96.00000","","",""
"SDGIHR","PUBLISHED","2010","EUR","FRA","63","63.00000","","",""
"SDGIHR","PUBLISHED","2011","EUR","FRA","78","78.00000","","",""
"SDGIHR","PUBLISHED","2012","EUR","FRA","81","81.00000","","",""
"SDGIHR","PUBLISHED","2013","EUR","FRA","85","85.00000","","",""
"SDGIHR","PUBLISHED","2014","EUR","FRA","86","86.00000","","",""
"SDGIHR","PUBLISHED","2015","EUR","FRA","89","89.00000","","",""
"SDGIHR","PUBLISHED","2016","EUR","FRA","89","89.00000","","",""
"SDGIHR","PUBLISHED","2011","AFR","GAB","48","48.00000","","",""
"SDGIHR","PUBLISHED","2016","AFR","GAB","52","52.00000","","",""
"SDGIHR","PUBLISHED","2010","AFR","GMB","50","50.00000","","",""
"SDGIHR","PUBLISHED","2011","AFR","GMB","53","53.00000","","",""
"SDGIHR","PUBLISHED","2013","AFR","GMB","62","62.00000","","",""
"SDGIHR","PUBLISHED","2014","AFR","GMB","33","33.00000","","",""
"SDGIHR","PUBLISHED","2010","EUR","GEO","93","93.00000","","",""
"SDGIHR","PUBLISHED","2011","EUR","GEO","91","91.00000","","",""
"SDGIHR","PUBLISHED","2012","EUR","GEO","89","89.00000","","",""
"SDGIHR","PUBLISHED","2013","EUR","GEO","91","91.00000","","",""
"SDGIHR","PUBLISHED","2014","EUR","GEO","90","90.00000","","",""
"SDGIHR","PUBLISHED","2015","EUR","GEO","81","81.00000","","",""
"SDGIHR","PUBLISHED","2016","EUR","GEO","82","82.00000","","",""
"SDGIHR","PUBLISHED","2010","EUR","DEU","81","81.00000","","",""
"SDGIHR","PUBLISHED","2011","EUR","DEU","86","86.00000","","",""
"SDGIHR","PUBLISHED","2012","EUR","DEU","92","92.00000","","",""
"SDGIHR","PUBLISHED","2014","EUR","DEU","99","99.00000","","",""
"SDGIHR","PUBLISHED","2010","AFR","GHA","57","57.00000","","",""
"SDGIHR","PUBLISHED","2011","AFR","GHA","39","39.00000","","",""
"SDGIHR","PUBLISHED","2012","AFR","GHA","51","51.00000","","",""
"SDGIHR","PUBLISHED","2013","AFR","GHA","66","66.00000","","",""
"SDGIHR","PUBLISHED","2014","AFR","GHA","69","69.00000","","",""
"SDGIHR","PUBLISHED","2016","AFR","GHA","74","74.00000","","",""
"SDGIHR","PUBLISHED","2010","EUR","GRC","76","76.00000","","",""
"SDGIHR","PUBLISHED","2011","AMR","GRD","57","57.00000","","",""
"SDGIHR","PUBLISHED","2012","AMR","GRD","48","48.00000","","",""
"SDGIHR","PUBLISHED","2013","AMR","GRD","58","58.00000","","",""
"SDGIHR","PUBLISHED","2015","AMR","GRD","66","66.00000","","",""
"SDGIHR","PUBLISHED","2016","AMR","GRD","66","66.00000","","",""
"SDGIHR","PUBLISHED","2011","AMR","GTM","62","62.00000","","",""
"SDGIHR","PUBLISHED","2012","AMR","GTM","66","66.00000","","",""
"SDGIHR","PUBLISHED","2013","AMR","GTM","88","88.00000","","",""
"SDGIHR","PUBLISHED","2014","AMR","GTM","59","59.00000","","",""
"SDGIHR","PUBLISHED","2015","AMR","GTM","85","85.00000","","",""
"SDGIHR","PUBLISHED","2016","AMR","GTM","55","55.00000","","",""
"SDGIHR","PUBLISHED","2011","AFR","GIN","13","13.00000","","",""
"SDGIHR","PUBLISHED","2014","AFR","GIN","52","52.00000","","",""
"SDGIHR","PUBLISHED","2015","AFR","GIN","51","51.00000","","",""
"SDGIHR","PUBLISHED","2014","AFR","GNB","36","36.00000","","",""
"SDGIHR","PUBLISHED","2015","AFR","GNB","50","50.00000","","",""
"SDGIHR","PUBLISHED","2016","AFR","GNB","49","49.00000","","",""
"SDGIHR","PUBLISHED","2010","AMR","GUY","33","33.00000","","",""
"SDGIHR","PUBLISHED","2011","AMR","GUY","73","73.00000","","",""
"SDGIHR","PUBLISHED","2012","AMR","GUY","76","76.00000","","",""
"SDGIHR","PUBLISHED","2013","AMR","GUY","77","77.00000","","",""
"SDGIHR","PUBLISHED","2014","AMR","GUY","79","79.00000","","",""
"SDGIHR","PUBLISHED","2015","AMR","GUY","81","81.00000","","",""
"SDGIHR","PUBLISHED","2011","AMR","HTI","30","30.00000","","",""
"SDGIHR","PUBLISHED","2013","AMR","HTI","45","45.00000","","",""
"SDGIHR","PUBLISHED","2014","AMR","HTI","41","41.00000","","",""
"SDGIHR","PUBLISHED","2015","AMR","HTI","48","48.00000","","",""
"SDGIHR","PUBLISHED","2016","AMR","HTI","56","56.00000","","",""
"SDGIHR","PUBLISHED","2010","AMR","HND","46","46.00000","","",""
"SDGIHR","PUBLISHED","2011","AMR","HND","44","44.00000","","",""
"SDGIHR","PUBLISHED","2012","AMR","HND","49","49.00000","","",""
"SDGIHR","PUBLISHED","2013","AMR","HND","52","52.00000","","",""
"SDGIHR","PUBLISHED","2014","AMR","HND","49","49.00000","","",""
"SDGIHR","PUBLISHED","2015","AMR","HND","74","74.00000","","",""
"SDGIHR","PUBLISHED","2016","AMR","HND","83","83.00000","","",""
"SDGIHR","PUBLISHED","2010","EUR","HUN","68","68.00000","","",""
"SDGIHR","PUBLISHED","2011","EUR","HUN","87","87.00000","","",""
"SDGIHR","PUBLISHED","2012","EUR","HUN","81","81.00000","","",""
"SDGIHR","PUBLISHED","2013","EUR","HUN","97","97.00000","","",""
"SDGIHR","PUBLISHED","2014","EUR","HUN","82","82.00000","","",""
"SDGIHR","PUBLISHED","2015","EUR","HUN","86","86.00000","","",""
"SDGIHR","PUBLISHED","2016","EUR","HUN","85","85.00000","","",""
"SDGIHR","PUBLISHED","2011","EUR","ISL","61","61.00000","","",""
"SDGIHR","PUBLISHED","2012","EUR","ISL","79","79.00000","","",""
"SDGIHR","PUBLISHED","2014","EUR","ISL","84","84.00000","","",""
"SDGIHR","PUBLISHED","2016","EUR","ISL","72","72.00000","","",""
"SDGIHR","PUBLISHED","2010","SEAR","IND","73","73.00000","","",""
"SDGIHR","PUBLISHED","2011","SEAR","IND","68","68.00000","","",""
"SDGIHR","PUBLISHED","2012","SEAR","IND","84","84.00000","","",""
"SDGIHR","PUBLISHED","2013","SEAR","IND","94","94.00000","","",""
"SDGIHR","PUBLISHED","2016","SEAR","IND","98","98.00000","","",""
"SDGIHR","PUBLISHED","2010","SEAR","IDN","83","83.00000","","",""
"SDGIHR","PUBLISHED","2011","SEAR","IDN","82","82.00000","","",""
"SDGIHR","PUBLISHED","2012","SEAR","IDN","86","86.00000","","",""
"SDGIHR","PUBLISHED","2013","SEAR","IDN","93","93.00000","","",""
"SDGIHR","PUBLISHED","2014","SEAR","IDN","95","95.00000","","",""
"SDGIHR","PUBLISHED","2015","SEAR","IDN","96","96.00000","","",""
"SDGIHR","PUBLISHED","2016","SEAR","IDN","99","99.00000","","",""
"SDGIHR","PUBLISHED","2010","EMR","IRN","64","64.00000","","",""
"SDGIHR","PUBLISHED","2011","EMR","IRN","66","66.00000","","",""
"SDGIHR","PUBLISHED","2012","EMR","IRN","91","91.00000","","",""
"SDGIHR","PUBLISHED","2013","EMR","IRN","92","92.00000","","",""
"SDGIHR","PUBLISHED","2014","EMR","IRN","84","84.00000","","",""
"SDGIHR","PUBLISHED","2015","EMR","IRN","85","85.00000","","",""
"SDGIHR","PUBLISHED","2010","EMR","IRQ","49","49.00000","","",""
"SDGIHR","PUBLISHED","2011","EMR","IRQ","70","70.00000","","",""
"SDGIHR","PUBLISHED","2012","EMR","IRQ","72","72.00000","","",""
"SDGIHR","PUBLISHED","2013","EMR","IRQ","93","93.00000","","",""
"SDGIHR","PUBLISHED","2014","EMR","IRQ","91","91.00000","","",""
"SDGIHR","PUBLISHED","2010","EUR","IRL","52","52.00000","","",""
"SDGIHR","PUBLISHED","2011","EUR","IRL","51","51.00000","","",""
"SDGIHR","PUBLISHED","2012","EUR","IRL","78","78.00000","","",""
"SDGIHR","PUBLISHED","2010","EUR","ISR","55","55.00000","","",""
"SDGIHR","PUBLISHED","2015","EUR","ISR","71","71.00000","","",""
"SDGIHR","PUBLISHED","2016","EUR","ISR","71","71.00000","","",""
"SDGIHR","PUBLISHED","2010","EUR","ITA","75","75.00000","","",""
"SDGIHR","PUBLISHED","2011","EUR","ITA","77","77.00000","","",""
"SDGIHR","PUBLISHED","2016","EUR","ITA","90","90.00000","","",""
"SDGIHR","PUBLISHED","2010","AMR","JAM","32","32.00000","","",""
"SDGIHR","PUBLISHED","2011","AMR","JAM","83","83.00000","","",""
"SDGIHR","PUBLISHED","2012","AMR","JAM","79","79.00000","","",""
"SDGIHR","PUBLISHED","2013","AMR","JAM","61","61.00000","","",""
"SDGIHR","PUBLISHED","2014","AMR","JAM","55","55.00000","","",""
"SDGIHR","PUBLISHED","2015","AMR","JAM","81","81.00000","","",""
"SDGIHR","PUBLISHED","2016","AMR","JAM","83","83.00000","","",""
"SDGIHR","PUBLISHED","2010","WPR","JPN","94","94.00000","","",""
"SDGIHR","PUBLISHED","2011","WPR","JPN","99","99.00000","","",""
"SDGIHR","PUBLISHED","2012","WPR","JPN","99","99.00000","","",""
"SDGIHR","PUBLISHED","2013","WPR","JPN","99","99.00000","","",""
"SDGIHR","PUBLISHED","2014","WPR","JPN","97","97.00000","","",""
"SDGIHR","PUBLISHED","2015","WPR","JPN","100","100.00000","","",""
"SDGIHR","PUBLISHED","2016","WPR","JPN","100","100.00000","","",""
"SDGIHR","PUBLISHED","2010","EMR","JOR","84","84.00000","","",""
"SDGIHR","PUBLISHED","2011","EMR","JOR","88","88.00000","","",""
"SDGIHR","PUBLISHED","2012","EMR","JOR","85","85.00000","","",""
"SDGIHR","PUBLISHED","2013","EMR","JOR","85","85.00000","","",""
"SDGIHR","PUBLISHED","2014","EMR","JOR","97","97.00000","","",""
"SDGIHR","PUBLISHED","2016","EMR","JOR","78","78.00000","","",""
"SDGIHR","PUBLISHED","2011","EUR","KAZ","83","83.00000","","",""
"SDGIHR","PUBLISHED","2012","EUR","KAZ","86","86.00000","","",""
"SDGIHR","PUBLISHED","2013","EUR","KAZ","82","82.00000","","",""
"SDGIHR","PUBLISHED","2014","EUR","KAZ","85","85.00000","","",""
"SDGIHR","PUBLISHED","2015","EUR","KAZ","78","78.00000","","",""
"SDGIHR","PUBLISHED","2010","AFR","KEN","61","61.00000","","",""
"SDGIHR","PUBLISHED","2011","AFR","KEN","73","73.00000","","",""
"SDGIHR","PUBLISHED","2012","AFR","KEN","66","66.00000","","",""
"SDGIHR","PUBLISHED","2013","AFR","KEN","69","69.00000","","",""
"SDGIHR","PUBLISHED","2010","WPR","KIR","59","59.00000","","",""
"SDGIHR","PUBLISHED","2011","WPR","KIR","57","57.00000","","",""
"SDGIHR","PUBLISHED","2012","WPR","KIR","65","65.00000","","",""
"SDGIHR","PUBLISHED","2013","WPR","KIR","70","70.00000","","",""
"SDGIHR","PUBLISHED","2014","WPR","KIR","60","60.00000","","",""
"SDGIHR","PUBLISHED","2010","EMR","KWT","63","63.00000","","",""
"SDGIHR","PUBLISHED","2011","EMR","KWT","73","73.00000","","",""
"SDGIHR","PUBLISHED","2012","EMR","KWT","77","77.00000","","",""
"SDGIHR","PUBLISHED","2013","EMR","KWT","86","86.00000","","",""
"SDGIHR","PUBLISHED","2014","EMR","KWT","85","85.00000","","",""
"SDGIHR","PUBLISHED","2015","EMR","KWT","86","86.00000","","",""
"SDGIHR","PUBLISHED","2016","EMR","KWT","85","85.00000","","",""
"SDGIHR","PUBLISHED","2011","EUR","KGZ","50","50.00000","","",""
"SDGIHR","PUBLISHED","2010","WPR","LAO","51","51.00000","","",""
"SDGIHR","PUBLISHED","2011","WPR","LAO","50","50.00000","","",""
"SDGIHR","PUBLISHED","2012","WPR","LAO","31","31.00000","","",""
"SDGIHR","PUBLISHED","2013","WPR","LAO","55","55.00000","","",""
"SDGIHR","PUBLISHED","2014","WPR","LAO","60","60.00000","","",""
"SDGIHR","PUBLISHED","2015","WPR","LAO","74","74.00000","","",""
"SDGIHR","PUBLISHED","2016","WPR","LAO","75","75.00000","","",""
"SDGIHR","PUBLISHED","2010","EUR","LVA","65","65.00000","","",""
"SDGIHR","PUBLISHED","2011","EUR","LVA","79","79.00000","","",""
"SDGIHR","PUBLISHED","2012","EUR","LVA","83","83.00000","","",""
"SDGIHR","PUBLISHED","2014","EUR","LVA","91","91.00000","","",""
"SDGIHR","PUBLISHED","2015","EUR","LVA","90","90.00000","","",""
"SDGIHR","PUBLISHED","2016","EUR","LVA","91","91.00000","","",""
"SDGIHR","PUBLISHED","2010","EMR","LBN","55","55.00000","","",""
"SDGIHR","PUBLISHED","2011","EMR","LBN","51","51.00000","","",""
"SDGIHR","PUBLISHED","2012","EMR","LBN","57","57.00000","","",""
"SDGIHR","PUBLISHED","2013","EMR","LBN","71","71.00000","","",""
"SDGIHR","PUBLISHED","2014","EMR","LBN","76","76.00000","","",""
"SDGIHR","PUBLISHED","2010","AFR","LSO","42","42.00000","","",""
"SDGIHR","PUBLISHED","2011","AFR","LSO","47","47.00000","","",""
"SDGIHR","PUBLISHED","2013","AFR","LSO","63","63.00000","","",""
"SDGIHR","PUBLISHED","2016","AFR","LSO","74","74.00000","","",""
"SDGIHR","PUBLISHED","2010","AFR","LBR","38","38.00000","","",""
"SDGIHR","PUBLISHED","2011","AFR","LBR","26","26.00000","","",""
"SDGIHR","PUBLISHED","2010","EMR","LBY","54","54.00000","","",""
"SDGIHR","PUBLISHED","2011","EMR","LBY","55","55.00000","","",""
"SDGIHR","PUBLISHED","2012","EMR","LBY","44","44.00000","","",""
"SDGIHR","PUBLISHED","2013","EMR","LBY","60","60.00000","","",""
"SDGIHR","PUBLISHED","2014","EMR","LBY","65","65.00000","","",""
"SDGIHR","PUBLISHED","2015","EMR","LBY","65","65.00000","","",""
"SDGIHR","PUBLISHED","2016","EMR","LBY","64","64.00000","","",""
"SDGIHR","PUBLISHED","2010","EUR","LTU","71","71.00000","","",""
"SDGIHR","PUBLISHED","2011","EUR","LTU","77","77.00000","","",""
"SDGIHR","PUBLISHED","2012","EUR","LTU","84","84.00000","","",""
"SDGIHR","PUBLISHED","2013","EUR","LTU","85","85.00000","","",""
"SDGIHR","PUBLISHED","2014","EUR","LTU","82","82.00000","","",""
"SDGIHR","PUBLISHED","2015","EUR","LTU","83","83.00000","","",""
"SDGIHR","PUBLISHED","2016","EUR","LTU","82","82.00000","","",""
"SDGIHR","PUBLISHED","2010","EUR","LUX","44","44.00000","","",""
"SDGIHR","PUBLISHED","2011","EUR","LUX","64","64.00000","","",""
"SDGIHR","PUBLISHED","2012","EUR","LUX","62","62.00000","","",""
"SDGIHR","PUBLISHED","2013","EUR","LUX","87","87.00000","","",""
"SDGIHR","PUBLISHED","2014","EUR","LUX","88","88.00000","","",""
"SDGIHR","PUBLISHED","2015","EUR","LUX","88","88.00000","","",""
"SDGIHR","PUBLISHED","2016","EUR","LUX","88","88.00000","","",""
"SDGIHR","PUBLISHED","2011","AFR","MDG","27","27.00000","","",""
"SDGIHR","PUBLISHED","2013","AFR","MDG","29","29.00000","","",""
"SDGIHR","PUBLISHED","2014","AFR","MDG","29","29.00000","","",""
"SDGIHR","PUBLISHED","2011","AFR","MWI","64","64.00000","","",""
"SDGIHR","PUBLISHED","2014","AFR","MWI","40","40.00000","","",""
"SDGIHR","PUBLISHED","2010","WPR","MYS","91","91.00000","","",""
"SDGIHR","PUBLISHED","2011","WPR","MYS","100","100.00000","","",""
"SDGIHR","PUBLISHED","2012","WPR","MYS","100","100.00000","","",""
"SDGIHR","PUBLISHED","2013","WPR","MYS","100","100.00000","","",""
"SDGIHR","PUBLISHED","2014","WPR","MYS","100","100.00000","","",""
"SDGIHR","PUBLISHED","2015","WPR","MYS","99","99.00000","","",""
"SDGIHR","PUBLISHED","2016","WPR","MYS","100","100.00000","","",""
"SDGIHR","PUBLISHED","2010","SEAR","MDV","64","64.00000","","",""
"SDGIHR","PUBLISHED","2011","SEAR","MDV","49","49.00000","","",""
"SDGIHR","PUBLISHED","2012","SEAR","MDV","58","58.00000","","",""
"SDGIHR","PUBLISHED","2013","SEAR","MDV","68","68.00000","","",""
"SDGIHR","PUBLISHED","2014","SEAR","MDV","66","66.00000","","",""
"SDGIHR","PUBLISHED","2015","SEAR","MDV","60","60.00000","","",""
"SDGIHR","PUBLISHED","2016","SEAR","MDV","60","60.00000","","",""
"SDGIHR","PUBLISHED","2011","AFR","MLI","55","55.00000","","",""
"SDGIHR","PUBLISHED","2011","EUR","MLT","59","59.00000","","",""
"SDGIHR","PUBLISHED","2012","EUR","MLT","70","70.00000","","",""
"SDGIHR","PUBLISHED","2013","EUR","MLT","76","76.00000","","",""
"SDGIHR","PUBLISHED","2014","EUR","MLT","76","76.00000","","",""
"SDGIHR","PUBLISHED","2016","EUR","MLT","85","85.00000","","",""
"SDGIHR","PUBLISHED","2010","WPR","MHL","73","73.00000","","",""
"SDGIHR","PUBLISHED","2011","WPR","MHL","53","53.00000","","",""
"SDGIHR","PUBLISHED","2012","WPR","MHL","46","46.00000","","",""
"SDGIHR","PUBLISHED","2013","WPR","MHL","51","51.00000","","",""
"SDGIHR","PUBLISHED","2010","AFR","MRT","27","27.00000","","",""
"SDGIHR","PUBLISHED","2011","AFR","MRT","20","20.00000","","",""
"SDGIHR","PUBLISHED","2012","AFR","MRT","25","25.00000","","",""
"SDGIHR","PUBLISHED","2014","AFR","MRT","31","31.00000","","",""
"SDGIHR","PUBLISHED","2015","AFR","MRT","28","28.00000","","",""
"SDGIHR","PUBLISHED","2013","AFR","MUS","55","55.00000","","",""
"SDGIHR","PUBLISHED","2014","AFR","MUS","68","68.00000","","",""
"SDGIHR","PUBLISHED","2015","AFR","MUS","68","68.00000","","",""
"SDGIHR","PUBLISHED","2016","AFR","MUS","70","70.00000","","",""
"SDGIHR","PUBLISHED","2010","AMR","MEX","43","43.00000","","",""
"SDGIHR","PUBLISHED","2011","AMR","MEX","66","66.00000","","",""
"SDGIHR","PUBLISHED","2012","AMR","MEX","76","76.00000","","",""
"SDGIHR","PUBLISHED","2013","AMR","MEX","89","89.00000","","",""
"SDGIHR","PUBLISHED","2014","AMR","MEX","95","95.00000","","",""
"SDGIHR","PUBLISHED","2015","AMR","MEX","96","96.00000","","",""
"SDGIHR","PUBLISHED","2016","AMR","MEX","97","97.00000","","",""
"SDGIHR","PUBLISHED","2010","WPR","FSM","32","32.00000","","",""
"SDGIHR","PUBLISHED","2011","WPR","FSM","36","36.00000","","",""
"SDGIHR","PUBLISHED","2012","WPR","FSM","73","73.00000","","",""
"SDGIHR","PUBLISHED","2013","WPR","FSM","35","35.00000","","",""
"SDGIHR","PUBLISHED","2014","WPR","FSM","62","62.00000","","",""
"SDGIHR","PUBLISHED","2015","WPR","FSM","64","64.00000","","",""
"SDGIHR","PUBLISHED","2016","WPR","FSM","86","86.00000","","",""
"SDGIHR","PUBLISHED","2011","EUR","MCO","59","59.00000","","",""
"SDGIHR","PUBLISHED","2012","EUR","MCO","63","63.00000","","",""
"SDGIHR","PUBLISHED","2013","EUR","MCO","73","73.00000","","",""
"SDGIHR","PUBLISHED","2014","EUR","MCO","79","79.00000","","",""
"SDGIHR","PUBLISHED","2016","EUR","MCO","79","79.00000","","",""
"SDGIHR","PUBLISHED","2010","WPR","MNG","81","81.00000","","",""
"SDGIHR","PUBLISHED","2011","WPR","MNG","82","82.00000","","",""
"SDGIHR","PUBLISHED","2012","WPR","MNG","69","69.00000","","",""
"SDGIHR","PUBLISHED","2013","WPR","MNG","79","79.00000","","",""
"SDGIHR","PUBLISHED","2014","WPR","MNG","75","75.00000","","",""
"SDGIHR","PUBLISHED","2015","WPR","MNG","86","86.00000","","",""
"SDGIHR","PUBLISHED","2012","EUR","MNE","56","56.00000","","",""
"SDGIHR","PUBLISHED","2013","EUR","MNE","55","55.00000","","",""
"SDGIHR","PUBLISHED","2014","EUR","MNE","55","55.00000","","",""
"SDGIHR","PUBLISHED","2015","EUR","MNE","55","55.00000","","",""
"SDGIHR","PUBLISHED","2016","EUR","MNE","56","56.00000","","",""
"SDGIHR","PUBLISHED","2010","EMR","MAR","84","84.00000","","",""
"SDGIHR","PUBLISHED","2011","EMR","MAR","89","89.00000","","",""
"SDGIHR","PUBLISHED","2012","EMR","MAR","92","92.00000","","",""
"SDGIHR","PUBLISHED","2013","EMR","MAR","97","97.00000","","",""
"SDGIHR","PUBLISHED","2014","EMR","MAR","95","95.00000","","",""
"SDGIHR","PUBLISHED","2016","EMR","MAR","95","95.00000","","",""
"SDGIHR","PUBLISHED","2010","AFR","MOZ","28","28.00000","","",""
"SDGIHR","PUBLISHED","2011","AFR","MOZ","53","53.00000","","",""
"SDGIHR","PUBLISHED","2012","AFR","MOZ","51","51.00000","","",""
"SDGIHR","PUBLISHED","2013","AFR","MOZ","54","54.00000","","",""
"SDGIHR","PUBLISHED","2015","AFR","MOZ","67","67.00000","","",""
"SDGIHR","PUBLISHED","2010","SEAR","MMR","73","73.00000","","",""
"SDGIHR","PUBLISHED","2011","SEAR","MMR","93","93.00000","","",""
"SDGIHR","PUBLISHED","2012","SEAR","MMR","82","82.00000","","",""
"SDGIHR","PUBLISHED","2013","SEAR","MMR","84","84.00000","","",""
"SDGIHR","PUBLISHED","2014","SEAR","MMR","84","84.00000","","",""
"SDGIHR","PUBLISHED","2015","SEAR","MMR","86","86.00000","","",""
"SDGIHR","PUBLISHED","2016","SEAR","MMR","84","84.00000","","",""
"SDGIHR","PUBLISHED","2014","AFR","NAM","66","66.00000","","",""
"SDGIHR","PUBLISHED","2016","AFR","NAM","81","81.00000","","",""
"SDGIHR","PUBLISHED","2010","WPR","NRU","41","41.00000","","",""
"SDGIHR","PUBLISHED","2014","WPR","NRU","42","42.00000","","",""
"SDGIHR","PUBLISHED","2010","SEAR","NPL","45","45.00000","","",""
"SDGIHR","PUBLISHED","2011","SEAR","NPL","52","52.00000","","",""
"SDGIHR","PUBLISHED","2012","SEAR","NPL","42","42.00000","","",""
"SDGIHR","PUBLISHED","2013","SEAR","NPL","61","61.00000","","",""
"SDGIHR","PUBLISHED","2014","SEAR","NPL","66","66.00000","","",""
"SDGIHR","PUBLISHED","2015","SEAR","NPL","72","72.00000","","",""
"SDGIHR","PUBLISHED","2016","SEAR","NPL","72","72.00000","","",""
"SDGIHR","PUBLISHED","2011","EUR","NLD","72","72.00000","","",""
"SDGIHR","PUBLISHED","2012","EUR","NLD","85","85.00000","","",""
"SDGIHR","PUBLISHED","2013","EUR","NLD","91","91.00000","","",""
"SDGIHR","PUBLISHED","2014","EUR","NLD","91","91.00000","","",""
"SDGIHR","PUBLISHED","2015","EUR","NLD","94","94.00000","","",""
"SDGIHR","PUBLISHED","2016","EUR","NLD","94","94.00000","","",""
"SDGIHR","PUBLISHED","2010","WPR","NZL","86","86.00000","","",""
"SDGIHR","PUBLISHED","2011","WPR","NZL","93","93.00000","","",""
"SDGIHR","PUBLISHED","2012","WPR","NZL","96","96.00000","","",""
"SDGIHR","PUBLISHED","2013","WPR","NZL","98","98.00000","","",""
"SDGIHR","PUBLISHED","2014","WPR","NZL","99","99.00000","","",""
"SDGIHR","PUBLISHED","2015","WPR","NZL","98","98.00000","","",""
"SDGIHR","PUBLISHED","2016","WPR","NZL","96","96.00000","","",""
"SDGIHR","PUBLISHED","2011","AMR","NIC","71","71.00000","","",""
"SDGIHR","PUBLISHED","2012","AMR","NIC","76","76.00000","","",""
"SDGIHR","PUBLISHED","2013","AMR","NIC","88","88.00000","","",""
"SDGIHR","PUBLISHED","2014","AMR","NIC","93","93.00000","","",""
"SDGIHR","PUBLISHED","2015","AMR","NIC","76","76.00000","","",""
"SDGIHR","PUBLISHED","2016","AMR","NIC","88","88.00000","","",""
"SDGIHR","PUBLISHED","2013","AFR","NER","74","74.00000","","",""
"SDGIHR","PUBLISHED","2015","AFR","NER","73","73.00000","","",""
"SDGIHR","PUBLISHED","2016","AFR","NER","75","75.00000","","",""
"SDGIHR","PUBLISHED","2011","AFR","NGA","38","38.00000","","",""
"SDGIHR","PUBLISHED","2012","AFR","NGA","36","36.00000","","",""
"SDGIHR","PUBLISHED","2013","AFR","NGA","52","52.00000","","",""
"SDGIHR","PUBLISHED","2014","AFR","NGA","57","57.00000","","",""
"SDGIHR","PUBLISHED","2015","AFR","NGA","67","67.00000","","",""
"SDGIHR","PUBLISHED","2016","AFR","NGA","66","66.00000","","",""
"SDGIHR","PUBLISHED","2012","WPR","NIU","41","41.00000","","",""
"SDGIHR","PUBLISHED","2013","WPR","NIU","54","54.00000","","",""
"SDGIHR","PUBLISHED","2014","WPR","NIU","61","61.00000","","",""
"SDGIHR","PUBLISHED","2012","EUR","NOR","93","93.00000","","",""
"SDGIHR","PUBLISHED","2013","EUR","NOR","98","98.00000","","",""
"SDGIHR","PUBLISHED","2014","EUR","NOR","98","98.00000","","",""
"SDGIHR","PUBLISHED","2015","EUR","NOR","98","98.00000","","",""
"SDGIHR","PUBLISHED","2016","EUR","NOR","98","98.00000","","",""
"SDGIHR","PUBLISHED","2010","EMR","OMN","75","75.00000","","",""
"SDGIHR","PUBLISHED","2011","EMR","OMN","98","98.00000","","",""
"SDGIHR","PUBLISHED","2012","EMR","OMN","92","92.00000","","",""
"SDGIHR","PUBLISHED","2013","EMR","OMN","86","86.00000","","",""
"SDGIHR","PUBLISHED","2014","EMR","OMN","80","80.00000","","",""
"SDGIHR","PUBLISHED","2015","EMR","OMN","94","94.00000","","",""
"SDGIHR","PUBLISHED","2016","EMR","OMN","95","95.00000","","",""
"SDGIHR","PUBLISHED","2010","EMR","PAK","24","24.00000","","",""
"SDGIHR","PUBLISHED","2012","EMR","PAK","33","33.00000","","",""
"SDGIHR","PUBLISHED","2013","EMR","PAK","42","42.00000","","",""
"SDGIHR","PUBLISHED","2014","EMR","PAK","43","43.00000","","",""
"SDGIHR","PUBLISHED","2016","EMR","PAK","53","53.00000","","",""
"SDGIHR","PUBLISHED","2010","WPR","PLW","58","58.00000","","",""
"SDGIHR","PUBLISHED","2011","WPR","PLW","79","79.00000","","",""
"SDGIHR","PUBLISHED","2012","WPR","PLW","90","90.00000","","",""
"SDGIHR","PUBLISHED","2013","WPR","PLW","84","84.00000","","",""
"SDGIHR","PUBLISHED","2014","WPR","PLW","92","92.00000","","",""
"SDGIHR","PUBLISHED","2015","WPR","PLW","91","91.00000","","",""
"SDGIHR","PUBLISHED","2016","WPR","PLW","91","91.00000","","",""
"SDGIHR","PUBLISHED","2011","AMR","PAN","65","65.00000","","",""
"SDGIHR","PUBLISHED","2012","AMR","PAN","78","78.00000","","",""
"SDGIHR","PUBLISHED","2013","AMR","PAN","71","71.00000","","",""
"SDGIHR","PUBLISHED","2014","AMR","PAN","68","68.00000","","",""
"SDGIHR","PUBLISHED","2015","AMR","PAN","68","68.00000","","",""
"SDGIHR","PUBLISHED","2016","AMR","PAN","71","71.00000","","",""
"SDGIHR","PUBLISHED","2011","WPR","PNG","47","47.00000","","",""
"SDGIHR","PUBLISHED","2012","WPR","PNG","46","46.00000","","",""
"SDGIHR","PUBLISHED","2013","WPR","PNG","54","54.00000","","",""
"SDGIHR","PUBLISHED","2014","WPR","PNG","64","64.00000","","",""
"SDGIHR","PUBLISHED","2011","AMR","PRY","83","83.00000","","",""
"SDGIHR","PUBLISHED","2012","AMR","PRY","60","60.00000","","",""
"SDGIHR","PUBLISHED","2013","AMR","PRY","75","75.00000","","",""
"SDGIHR","PUBLISHED","2015","AMR","PRY","82","82.00000","","",""
"SDGIHR","PUBLISHED","2016","AMR","PRY","79","79.00000","","",""
"SDGIHR","PUBLISHED","2012","AMR","PER","62","62.00000","","",""
"SDGIHR","PUBLISHED","2013","AMR","PER","75","75.00000","","",""
"SDGIHR","PUBLISHED","2014","AMR","PER","85","85.00000","","",""
"SDGIHR","PUBLISHED","2015","AMR","PER","89","89.00000","","",""
"SDGIHR","PUBLISHED","2016","AMR","PER","70","70.00000","","",""
"SDGIHR","PUBLISHED","2010","WPR","PHL","54","54.00000","","",""
"SDGIHR","PUBLISHED","2011","WPR","PHL","74","74.00000","","",""
"SDGIHR","PUBLISHED","2012","WPR","PHL","75","75.00000","","",""
"SDGIHR","PUBLISHED","2013","WPR","PHL","75","75.00000","","",""
"SDGIHR","PUBLISHED","2014","WPR","PHL","84","84.00000","","",""
"SDGIHR","PUBLISHED","2015","WPR","PHL","84","84.00000","","",""
"SDGIHR","PUBLISHED","2016","WPR","PHL","87","87.00000","","",""
"SDGIHR","PUBLISHED","2010","EUR","POL","66","66.00000","","",""
"SDGIHR","PUBLISHED","2011","EUR","POL","73","73.00000","","",""
"SDGIHR","PUBLISHED","2012","EUR","POL","76","76.00000","","",""
"SDGIHR","PUBLISHED","2013","EUR","POL","82","82.00000","","",""
"SDGIHR","PUBLISHED","2014","EUR","POL","74","74.00000","","",""
"SDGIHR","PUBLISHED","2016","EUR","POL","74","74.00000","","",""
"SDGIHR","PUBLISHED","2011","EUR","PRT","93","93.00000","","",""
"SDGIHR","PUBLISHED","2014","EUR","PRT","93","93.00000","","",""
"SDGIHR","PUBLISHED","2015","EUR","PRT","94","94.00000","","",""
"SDGIHR","PUBLISHED","2016","EUR","PRT","93","93.00000","","",""
"SDGIHR","PUBLISHED","2010","EMR","QAT","69","69.00000","","",""
"SDGIHR","PUBLISHED","2011","EMR","QAT","84","84.00000","","",""
"SDGIHR","PUBLISHED","2012","EMR","QAT","83","83.00000","","",""
"SDGIHR","PUBLISHED","2013","EMR","QAT","91","91.00000","","",""
"SDGIHR","PUBLISHED","2014","EMR","QAT","97","97.00000","","",""
"SDGIHR","PUBLISHED","2010","WPR","KOR","74","74.00000","","",""
"SDGIHR","PUBLISHED","2012","WPR","KOR","100","100.00000","","",""
"SDGIHR","PUBLISHED","2013","WPR","KOR","100","100.00000","","",""
"SDGIHR","PUBLISHED","2014","WPR","KOR","100","100.00000","","",""
"SDGIHR","PUBLISHED","2010","EUR","MDA","66","66.00000","","",""
"SDGIHR","PUBLISHED","2011","EUR","MDA","75","75.00000","","",""
"SDGIHR","PUBLISHED","2012","EUR","MDA","74","74.00000","","",""
"SDGIHR","PUBLISHED","2014","EUR","MDA","77","77.00000","","",""
"SDGIHR","PUBLISHED","2015","EUR","MDA","78","78.00000","","",""
"SDGIHR","PUBLISHED","2016","EUR","MDA","81","81.00000","","",""
"SDGIHR","PUBLISHED","2010","EUR","ROU","67","67.00000","","",""
"SDGIHR","PUBLISHED","2011","EUR","ROU","69","69.00000","","",""
"SDGIHR","PUBLISHED","2013","EUR","ROU","68","68.00000","","",""
"SDGIHR","PUBLISHED","2014","EUR","ROU","76","76.00000","","",""
"SDGIHR","PUBLISHED","2015","EUR","ROU","78","78.00000","","",""
"SDGIHR","PUBLISHED","2016","EUR","ROU","77","77.00000","","",""
"SDGIHR","PUBLISHED","2010","EUR","RUS","94","94.00000","","",""
"SDGIHR","PUBLISHED","2011","EUR","RUS","96","96.00000","","",""
"SDGIHR","PUBLISHED","2014","EUR","RUS","81","81.00000","","",""
"SDGIHR","PUBLISHED","2015","EUR","RUS","81","81.00000","","",""
"SDGIHR","PUBLISHED","2016","EUR","RUS","99","99.00000","","",""
"SDGIHR","PUBLISHED","2013","AFR","RWA","35","35.00000","","",""
"SDGIHR","PUBLISHED","2014","AFR","RWA","41","41.00000","","",""
"SDGIHR","PUBLISHED","2015","AFR","RWA","41","41.00000","","",""
"SDGIHR","PUBLISHED","2012","AMR","KNA","57","57.00000","","",""
"SDGIHR","PUBLISHED","2013","AMR","KNA","58","58.00000","","",""
"SDGIHR","PUBLISHED","2015","AMR","KNA","60","60.00000","","",""
"SDGIHR","PUBLISHED","2010","AMR","LCA","29","29.00000","","",""
"SDGIHR","PUBLISHED","2011","AMR","LCA","38","38.00000","","",""
"SDGIHR","PUBLISHED","2012","AMR","LCA","38","38.00000","","",""
"SDGIHR","PUBLISHED","2014","AMR","LCA","44","44.00000","","",""
"SDGIHR","PUBLISHED","2015","AMR","LCA","58","58.00000","","",""
"SDGIHR","PUBLISHED","2016","AMR","LCA","77","77.00000","","",""
"SDGIHR","PUBLISHED","2012","AMR","VCT","35","35.00000","","",""
"SDGIHR","PUBLISHED","2013","AMR","VCT","58","58.00000","","",""
"SDGIHR","PUBLISHED","2014","AMR","VCT","49","49.00000","","",""
"SDGIHR","PUBLISHED","2015","AMR","VCT","35","35.00000","","",""
"SDGIHR","PUBLISHED","2016","AMR","VCT","65","65.00000","","",""
"SDGIHR","PUBLISHED","2011","WPR","WSM","67","67.00000","","",""
"SDGIHR","PUBLISHED","2012","WPR","WSM","58","58.00000","","",""
"SDGIHR","PUBLISHED","2013","WPR","WSM","71","71.00000","","",""
"SDGIHR","PUBLISHED","2014","WPR","WSM","76","76.00000","","",""
"SDGIHR","PUBLISHED","2015","WPR","WSM","75","75.00000","","",""
"SDGIHR","PUBLISHED","2010","EUR","SMR","40","40.00000","","",""
"SDGIHR","PUBLISHED","2010","AFR","STP","24","24.00000","","",""
"SDGIHR","PUBLISHED","2011","AFR","STP","22","22.00000","","",""
"SDGIHR","PUBLISHED","2012","AFR","STP","20","20.00000","","",""
"SDGIHR","PUBLISHED","2013","AFR","STP","16","16.00000","","",""
"SDGIHR","PUBLISHED","2014","AFR","STP","16","16.00000","","",""
"SDGIHR","PUBLISHED","2015","AFR","STP","16","16.00000","","",""
"SDGIHR","PUBLISHED","2016","AFR","STP","16","16.00000","","",""
"SDGIHR","PUBLISHED","2010","EMR","SAU","90","90.00000","","",""
"SDGIHR","PUBLISHED","2011","EMR","SAU","96","96.00000","","",""
"SDGIHR","PUBLISHED","2012","EMR","SAU","95","95.00000","","",""
"SDGIHR","PUBLISHED","2013","EMR","SAU","100","100.00000","","",""
"SDGIHR","PUBLISHED","2014","EMR","SAU","99","99.00000","","",""
"SDGIHR","PUBLISHED","2016","EMR","SAU","97","97.00000","","",""
"SDGIHR","PUBLISHED","2011","AFR","SEN","30","30.00000","","",""
"SDGIHR","PUBLISHED","2012","AFR","SEN","30","30.00000","","",""
"SDGIHR","PUBLISHED","2011","EUR","SRB","11","11.00000","","",""
"SDGIHR","PUBLISHED","2014","EUR","SRB","47","47.00000","","",""
"SDGIHR","PUBLISHED","2016","EUR","SRB","40","40.00000","","",""
"SDGIHR","PUBLISHED","2010","AFR","SYC","18","18.00000","","",""
"SDGIHR","PUBLISHED","2011","AFR","SYC","39","39.00000","","",""
"SDGIHR","PUBLISHED","2012","AFR","SYC","42","42.00000","","",""
"SDGIHR","PUBLISHED","2013","AFR","SYC","54","54.00000","","",""
"SDGIHR","PUBLISHED","2014","AFR","SYC","76","76.00000","","",""
"SDGIHR","PUBLISHED","2015","AFR","SYC","82","82.00000","","",""
"SDGIHR","PUBLISHED","2016","AFR","SYC","88","88.00000","","",""
"SDGIHR","PUBLISHED","2010","AFR","SLE","19","19.00000","","",""
"SDGIHR","PUBLISHED","2011","AFR","SLE","58","58.00000","","",""
"SDGIHR","PUBLISHED","2013","AFR","SLE","59","59.00000","","",""
"SDGIHR","PUBLISHED","2014","AFR","SLE","64","64.00000","","",""
"SDGIHR","PUBLISHED","2016","AFR","SLE","47","47.00000","","",""
"SDGIHR","PUBLISHED","2010","WPR","SGP","97","97.00000","","",""
"SDGIHR","PUBLISHED","2011","WPR","SGP","99","99.00000","","",""
"SDGIHR","PUBLISHED","2012","WPR","SGP","99","99.00000","","",""
"SDGIHR","PUBLISHED","2013","WPR","SGP","99","99.00000","","",""
"SDGIHR","PUBLISHED","2014","WPR","SGP","99","99.00000","","",""
"SDGIHR","PUBLISHED","2015","WPR","SGP","99","99.00000","","",""
"SDGIHR","PUBLISHED","2016","WPR","SGP","99","99.00000","","",""
"SDGIHR","PUBLISHED","2010","EUR","SVK","64","64.00000","","",""
"SDGIHR","PUBLISHED","2011","EUR","SVK","73","73.00000","","",""
"SDGIHR","PUBLISHED","2012","EUR","SVK","79","79.00000","","",""
"SDGIHR","PUBLISHED","2013","EUR","SVK","96","96.00000","","",""
"SDGIHR","PUBLISHED","2014","EUR","SVK","95","95.00000","","",""
"SDGIHR","PUBLISHED","2015","EUR","SVK","96","96.00000","","",""
"SDGIHR","PUBLISHED","2016","EUR","SVK","95","95.00000","","",""
"SDGIHR","PUBLISHED","2010","EUR","SVN","70","70.00000","","",""
"SDGIHR","PUBLISHED","2011","EUR","SVN","66","66.00000","","",""
"SDGIHR","PUBLISHED","2012","EUR","SVN","58","58.00000","","",""
"SDGIHR","PUBLISHED","2013","EUR","SVN","61","61.00000","","",""
"SDGIHR","PUBLISHED","2014","EUR","SVN","68","68.00000","","",""
"SDGIHR","PUBLISHED","2015","EUR","SVN","75","75.00000","","",""
"SDGIHR","PUBLISHED","2016","EUR","SVN","74","74.00000","","",""
"SDGIHR","PUBLISHED","2012","WPR","SLB","32","32.00000","","",""
"SDGIHR","PUBLISHED","2013","WPR","SLB","48","48.00000","","",""
"SDGIHR","PUBLISHED","2014","WPR","SLB","56","56.00000","","",""
"SDGIHR","PUBLISHED","2015","WPR","SLB","57","57.00000","","",""
"SDGIHR","PUBLISHED","2013","EMR","SOM","16","16.00000","","",""
"SDGIHR","PUBLISHED","2014","EMR","SOM","6","6.00000","","",""
"SDGIHR","PUBLISHED","2010","AFR","ZAF","66","66.00000","","",""
"SDGIHR","PUBLISHED","2011","AFR","ZAF","80","80.00000","","",""
"SDGIHR","PUBLISHED","2012","AFR","ZAF","75","75.00000","","",""
"SDGIHR","PUBLISHED","2013","AFR","ZAF","76","76.00000","","",""
"SDGIHR","PUBLISHED","2014","AFR","ZAF","100","100.00000","","",""
"SDGIHR","PUBLISHED","2015","AFR","ZAF","100","100.00000","","",""
"SDGIHR","PUBLISHED","2013","AFR","SSD","43","43.00000","","",""
"SDGIHR","PUBLISHED","2014","AFR","SSD","46","46.00000","","",""
"SDGIHR","PUBLISHED","2015","AFR","SSD","50","50.00000","","",""
"SDGIHR","PUBLISHED","2010","EUR","ESP","42","42.00000","","",""
"SDGIHR","PUBLISHED","2011","EUR","ESP","66","66.00000","","",""
"SDGIHR","PUBLISHED","2012","EUR","ESP","87","87.00000","","",""
"SDGIHR","PUBLISHED","2013","EUR","ESP","52","52.00000","","",""
"SDGIHR","PUBLISHED","2014","EUR","ESP","93","93.00000","","",""
"SDGIHR","PUBLISHED","2015","EUR","ESP","90","90.00000","","",""
"SDGIHR","PUBLISHED","2016","EUR","ESP","95","95.00000","","",""
"SDGIHR","PUBLISHED","2010","SEAR","LKA","60","60.00000","","",""
"SDGIHR","PUBLISHED","2011","SEAR","LKA","61","61.00000","","",""
"SDGIHR","PUBLISHED","2012","SEAR","LKA","73","73.00000","","",""
"SDGIHR","PUBLISHED","2013","SEAR","LKA","67","67.00000","","",""
"SDGIHR","PUBLISHED","2014","SEAR","LKA","71","71.00000","","",""
"SDGIHR","PUBLISHED","2015","SEAR","LKA","71","71.00000","","",""
"SDGIHR","PUBLISHED","2016","SEAR","LKA","79","79.00000","","",""
"SDGIHR","PUBLISHED","2010","EMR","SDN","40","40.00000","","",""
"SDGIHR","PUBLISHED","2011","EMR","SDN","28","28.00000","","",""
"SDGIHR","PUBLISHED","2012","EMR","SDN","43","43.00000","","",""
"SDGIHR","PUBLISHED","2013","EMR","SDN","66","66.00000","","",""
"SDGIHR","PUBLISHED","2014","EMR","SDN","71","71.00000","","",""
"SDGIHR","PUBLISHED","2011","AMR","SUR","43","43.00000","","",""
"SDGIHR","PUBLISHED","2012","AMR","SUR","48","48.00000","","",""
"SDGIHR","PUBLISHED","2013","AMR","SUR","61","61.00000","","",""
"SDGIHR","PUBLISHED","2014","AMR","SUR","71","71.00000","","",""
"SDGIHR","PUBLISHED","2015","AMR","SUR","71","71.00000","","",""
"SDGIHR","PUBLISHED","2016","AMR","SUR","72","72.00000","","",""
"SDGIHR","PUBLISHED","2010","AFR","SWZ","46","46.00000","","",""
"SDGIHR","PUBLISHED","2011","AFR","SWZ","53","53.00000","","",""
"SDGIHR","PUBLISHED","2012","AFR","SWZ","40","40.00000","","",""
"SDGIHR","PUBLISHED","2013","AFR","SWZ","40","40.00000","","",""
"SDGIHR","PUBLISHED","2014","AFR","SWZ","61","61.00000","","",""
"SDGIHR","PUBLISHED","2015","AFR","SWZ","50","50.00000","","",""
"SDGIHR","PUBLISHED","2010","EUR","SWE","83","83.00000","","",""
"SDGIHR","PUBLISHED","2011","EUR","SWE","88","88.00000","","",""
"SDGIHR","PUBLISHED","2012","EUR","SWE","97","97.00000","","",""
"SDGIHR","PUBLISHED","2013","EUR","SWE","92","92.00000","","",""
"SDGIHR","PUBLISHED","2014","EUR","SWE","92","92.00000","","",""
"SDGIHR","PUBLISHED","2015","EUR","SWE","92","92.00000","","",""
"SDGIHR","PUBLISHED","2016","EUR","SWE","93","93.00000","","",""
"SDGIHR","PUBLISHED","2010","EUR","CHE","79","79.00000","","",""
"SDGIHR","PUBLISHED","2011","EUR","CHE","86","86.00000","","",""
"SDGIHR","PUBLISHED","2012","EUR","CHE","85","85.00000","","",""
"SDGIHR","PUBLISHED","2013","EUR","CHE","88","88.00000","","",""
"SDGIHR","PUBLISHED","2014","EUR","CHE","91","91.00000","","",""
"SDGIHR","PUBLISHED","2015","EUR","CHE","91","91.00000","","",""
"SDGIHR","PUBLISHED","2016","EUR","CHE","92","92.00000","","",""
"SDGIHR","PUBLISHED","2010","EMR","SYR","45","45.00000","","",""
"SDGIHR","PUBLISHED","2011","EMR","SYR","48","48.00000","","",""
"SDGIHR","PUBLISHED","2012","EMR","SYR","58","58.00000","","",""
"SDGIHR","PUBLISHED","2013","EMR","SYR","54","54.00000","","",""
"SDGIHR","PUBLISHED","2014","EMR","SYR","63","63.00000","","",""
"SDGIHR","PUBLISHED","2011","EUR","TJK","80","80.00000","","",""
"SDGIHR","PUBLISHED","2012","EUR","TJK","73","73.00000","","",""
"SDGIHR","PUBLISHED","2014","EUR","TJK","94","94.00000","","",""
"SDGIHR","PUBLISHED","2015","EUR","TJK","89","89.00000","","",""
"SDGIHR","PUBLISHED","2010","SEAR","THA","65","65.00000","","",""
"SDGIHR","PUBLISHED","2011","SEAR","THA","90","90.00000","","",""
"SDGIHR","PUBLISHED","2012","SEAR","THA","82","82.00000","","",""
"SDGIHR","PUBLISHED","2013","SEAR","THA","93","93.00000","","",""
"SDGIHR","PUBLISHED","2014","SEAR","THA","98","98.00000","","",""
"SDGIHR","PUBLISHED","2016","SEAR","THA","98","98.00000","","",""
"SDGIHR","PUBLISHED","2011","EUR","MKD","47","47.00000","","",""
"SDGIHR","PUBLISHED","2013","EUR","MKD","72","72.00000","","",""
"SDGIHR","PUBLISHED","2014","EUR","MKD","88","88.00000","","",""
"SDGIHR","PUBLISHED","2015","EUR","MKD","89","89.00000","","",""
"SDGIHR","PUBLISHED","2016","EUR","MKD","90","90.00000","","",""
"SDGIHR","PUBLISHED","2010","SEAR","TLS","37","37.00000","","",""
"SDGIHR","PUBLISHED","2011","SEAR","TLS","35","35.00000","","",""
"SDGIHR","PUBLISHED","2012","SEAR","TLS","44","44.00000","","",""
"SDGIHR","PUBLISHED","2013","SEAR","TLS","51","51.00000","","",""
"SDGIHR","PUBLISHED","2014","SEAR","TLS","63","63.00000","","",""
"SDGIHR","PUBLISHED","2015","SEAR","TLS","66","66.00000","","",""
"SDGIHR","PUBLISHED","2016","SEAR","TLS","66","66.00000","","",""
"SDGIHR","PUBLISHED","2010","AFR","TGO","11","11.00000","","",""
"SDGIHR","PUBLISHED","2011","AFR","TGO","27","27.00000","","",""
"SDGIHR","PUBLISHED","2013","AFR","TGO","50","50.00000","","",""
"SDGIHR","PUBLISHED","2014","AFR","TGO","61","61.00000","","",""
"SDGIHR","PUBLISHED","2015","AFR","TGO","68","68.00000","","",""
"SDGIHR","PUBLISHED","2010","WPR","TON","59","59.00000","","",""
"SDGIHR","PUBLISHED","2011","WPR","TON","48","48.00000","","",""
"SDGIHR","PUBLISHED","2012","WPR","TON","53","53.00000","","",""
"SDGIHR","PUBLISHED","2013","WPR","TON","74","74.00000","","",""
"SDGIHR","PUBLISHED","2010","AMR","TTO","55","55.00000","","",""
"SDGIHR","PUBLISHED","2012","AMR","TTO","63","63.00000","","",""
"SDGIHR","PUBLISHED","2013","AMR","TTO","68","68.00000","","",""
"SDGIHR","PUBLISHED","2014","AMR","TTO","70","70.00000","","",""
"SDGIHR","PUBLISHED","2015","AMR","TTO","70","70.00000","","",""
"SDGIHR","PUBLISHED","2016","AMR","TTO","73","73.00000","","",""
"SDGIHR","PUBLISHED","2011","EMR","TUN","63","63.00000","","",""
"SDGIHR","PUBLISHED","2012","EMR","TUN","63","63.00000","","",""
"SDGIHR","PUBLISHED","2013","EMR","TUN","56","56.00000","","",""
"SDGIHR","PUBLISHED","2014","EMR","TUN","65","65.00000","","",""
"SDGIHR","PUBLISHED","2016","EMR","TUN","55","55.00000","","",""
"SDGIHR","PUBLISHED","2010","EUR","TUR","62","62.00000","","",""
"SDGIHR","PUBLISHED","2012","EUR","TUR","82","82.00000","","",""
"SDGIHR","PUBLISHED","2014","EUR","TUR","78","78.00000","","",""
"SDGIHR","PUBLISHED","2011","EUR","TKM","81","81.00000","","",""
"SDGIHR","PUBLISHED","2014","EUR","TKM","84","84.00000","","",""
"SDGIHR","PUBLISHED","2012","WPR","TUV","91","91.00000","","",""
"SDGIHR","PUBLISHED","2013","WPR","TUV","83","83.00000","","",""
"SDGIHR","PUBLISHED","2015","WPR","TUV","89","89.00000","","",""
"SDGIHR","PUBLISHED","2010","AFR","UGA","36","36.00000","","",""
"SDGIHR","PUBLISHED","2011","AFR","UGA","58","58.00000","","",""
"SDGIHR","PUBLISHED","2012","AFR","UGA","47","47.00000","","",""
"SDGIHR","PUBLISHED","2013","AFR","UGA","73","73.00000","","",""
"SDGIHR","PUBLISHED","2015","EUR","UKR","97","97.00000","","",""
"SDGIHR","PUBLISHED","2010","EMR","ARE","36","36.00000","","",""
"SDGIHR","PUBLISHED","2011","EMR","ARE","50","50.00000","","",""
"SDGIHR","PUBLISHED","2012","EMR","ARE","56","56.00000","","",""
"SDGIHR","PUBLISHED","2013","EMR","ARE","88","88.00000","","",""
"SDGIHR","PUBLISHED","2014","EMR","ARE","92","92.00000","","",""
"SDGIHR","PUBLISHED","2015","EMR","ARE","91","91.00000","","",""
"SDGIHR","PUBLISHED","2016","EMR","ARE","91","91.00000","","",""
"SDGIHR","PUBLISHED","2016","EUR","GBR","88","88.00000","","",""
"SDGIHR","PUBLISHED","2011","AFR","TZA","51","51.00000","","",""
"SDGIHR","PUBLISHED","2012","AFR","TZA","49","49.00000","","",""
"SDGIHR","PUBLISHED","2013","AFR","TZA","53","53.00000","","",""
"SDGIHR","PUBLISHED","2014","AFR","TZA","58","58.00000","","",""
"SDGIHR","PUBLISHED","2015","AFR","TZA","67","67.00000","","",""
"SDGIHR","PUBLISHED","2010","AMR","USA","87","87.00000","","",""
"SDGIHR","PUBLISHED","2011","AMR","USA","88","88.00000","","",""
"SDGIHR","PUBLISHED","2012","AMR","USA","96","96.00000","","",""
"SDGIHR","PUBLISHED","2013","AMR","USA","96","96.00000","","",""
"SDGIHR","PUBLISHED","2014","AMR","USA","97","97.00000","","",""
"SDGIHR","PUBLISHED","2015","AMR","USA","97","97.00000","","",""
"SDGIHR","PUBLISHED","2016","AMR","USA","96","96.00000","","",""
"SDGIHR","PUBLISHED","2013","AMR","URY","89","89.00000","","",""
"SDGIHR","PUBLISHED","2015","AMR","URY","83","83.00000","","",""
"SDGIHR","PUBLISHED","2016","AMR","URY","82","82.00000","","",""
"SDGIHR","PUBLISHED","2011","EUR","UZB","90","90.00000","","",""
"SDGIHR","PUBLISHED","2014","EUR","UZB","83","83.00000","","",""
"SDGIHR","PUBLISHED","2010","WPR","VUT","8","8.00000","","",""
"SDGIHR","PUBLISHED","2012","WPR","VUT","11","11.00000","","",""
"SDGIHR","PUBLISHED","2013","WPR","VUT","68","68.00000","","",""
"SDGIHR","PUBLISHED","2015","WPR","VUT","43","43.00000","","",""
"SDGIHR","PUBLISHED","2011","AMR","VEN","46","46.00000","","",""
"SDGIHR","PUBLISHED","2012","AMR","VEN","78","78.00000","","",""
"SDGIHR","PUBLISHED","2013","AMR","VEN","84","84.00000","","",""
"SDGIHR","PUBLISHED","2014","AMR","VEN","87","87.00000","","",""
"SDGIHR","PUBLISHED","2015","AMR","VEN","90","90.00000","","",""
"SDGIHR","PUBLISHED","2016","AMR","VEN","94","94.00000","","",""
"SDGIHR","PUBLISHED","2010","WPR","VNM","73","73.00000","","",""
"SDGIHR","PUBLISHED","2011","WPR","VNM","69","69.00000","","",""
"SDGIHR","PUBLISHED","2012","WPR","VNM","65","65.00000","","",""
"SDGIHR","PUBLISHED","2013","WPR","VNM","77","77.00000","","",""
"SDGIHR","PUBLISHED","2014","WPR","VNM","96","96.00000","","",""
"SDGIHR","PUBLISHED","2015","WPR","VNM","99","99.00000","","",""
"SDGIHR","PUBLISHED","2016","WPR","VNM","99","99.00000","","",""
"SDGIHR","PUBLISHED","2012","EMR","YEM","48","48.00000","","",""
"SDGIHR","PUBLISHED","2013","EMR","YEM","43","43.00000","","",""
"SDGIHR","PUBLISHED","2014","EMR","YEM","46","46.00000","","",""
"SDGIHR","PUBLISHED","2011","AFR","ZMB","66","66.00000","","",""
"SDGIHR","PUBLISHED","2012","AFR","ZMB","77","77.00000","","",""
"SDGIHR","PUBLISHED","2013","AFR","ZMB","91","91.00000","","",""
"SDGIHR","PUBLISHED","2014","AFR","ZMB","92","92.00000","","",""
"SDGIHR","PUBLISHED","2011","AFR","ZWE","48","48.00000","","",""
"SDGIHR","PUBLISHED","2014","AFR","ZWE","68","68.00000","","",""
"SDGIHR","PUBLISHED","2016","AFR","ZWE","73","73.00000","","",""
"SDGIHR","PUBLISHED","2017","AFR","","56","56.30000","","",""
"SDGIHR","PUBLISHED","2017","AMR","","80","80.40000","","",""
"SDGIHR","PUBLISHED","2017","SEAR","","73","73.20000","","",""
"SDGIHR","PUBLISHED","2017","EUR","","79","78.70000","","",""
"SDGIHR","PUBLISHED","2017","EMR","","72","71.60000","","",""
"SDGIHR","PUBLISHED","2017","WPR","","79","79.40000","","",""
"SDGIHR","PUBLISHED","2017","GLOBAL","","71","71.40000","","",""
"SDGIHR","PUBLISHED","2017","SEAR","TLS","72","72.00000","","",""
